uncertainty_level,freeze_size,lam,method,seed,total_cost_mean,operational_cost_mean,changed_actions_total,runtime_mean_sec,fallback_rate
low,0,0.0,static,20,7.055555555555556,7.055555555555556,0,3.6135315895080566e-07,1.0
low,0,0.0,static,21,7.041666666666666,7.041666666666666,0,2.3329630494117737e-07,1.0
low,0,0.0,static,22,7.033333333333334,7.033333333333334,0,2.1569430828094482e-07,1.0
low,0,0.0,static,23,7.092592592592592,7.092592592592592,0,2.3179584079318576e-07,1.0
low,0,0.0,static,24,7.081018518518519,7.081018518518519,0,1.993030309677124e-07,1.0
low,0,0.0,static,25,7.010416666666667,7.010416666666667,0,2.123415470123291e-07,1.0
low,0,0.0,static,26,7.080246913580247,7.080246913580247,0,1.9288725323147244e-07,1.0
low,0,0.0,static,27,7.0092592592592595,7.0092592592592595,0,1.986821492513021e-07,1.0
low,0,0.0,static,28,7.017857142857143,7.017857142857143,0,2.1500246865408762e-07,1.0
low,0,0.0,static,29,7.033333333333334,7.033333333333334,0,2.127140760421753e-07,1.0
low,0,0.0,static,30,7.0,7.0,0,2.0070001482963562e-07,1.0
low,0,0.0,static,31,7.0166666666666675,7.0166666666666675,0,1.996755599975586e-07,1.0
low,0,0.0,static,32,7.128787878787879,7.128787878787879,0,1.8660317767750134e-07,1.0
low,0,0.0,static,33,7.0,7.0,0,2.1109978357950845e-07,1.0
low,0,0.0,static,34,7.011904761904761,7.011904761904761,0,2.123415470123291e-07,1.0
low,0,0.0,static,35,7.0586419753086425,7.0586419753086425,0,2.2641486591762967e-07,1.0
low,0,0.0,static,36,7.069444444444444,7.069444444444444,0,2.1730860074361166e-07,1.0
low,0,0.0,static,37,7.037878787878787,7.037878787878787,0,1.9134445623918014e-07,1.0
low,0,0.0,static,38,7.0625,7.0625,0,2.1047890186309814e-07,1.0
low,0,0.0,static,39,7.0,7.0,0,2.0489096641540527e-07,1.0
low,0,0.0,full_reopt,20,16.259721743368075,7.830896686159845,45,8.76564946439531e-05,0.0
low,0,0.0,full_reopt,21,26.305890414041762,7.641727941176471,75,9.095342829823494e-05,0.0
low,0,0.0,full_reopt,22,13.993959732406278,5.803125,45,8.267238736152649e-05,0.0
low,0,0.0,full_reopt,23,21.78534982235433,6.029048656499636,67,8.588615390989516e-05,0.0
low,0,0.0,full_reopt,24,18.91529416974709,5.923611111111112,77,8.505179236332576e-05,0.0
low,0,0.0,full_reopt,25,8.582469560199174,7.010416666666667,11,8.299248293042183e-05,0.0
low,0,0.0,full_reopt,26,14.972128191772027,4.225694444444445,45,7.375785046153599e-05,0.0
low,0,0.0,full_reopt,27,15.586752294409441,8.00925925925926,40,8.914992213249207e-05,0.0
low,0,0.0,full_reopt,28,20.943807677845808,8.873299319727892,89,8.721303726945604e-05,0.0
low,0,0.0,full_reopt,29,17.120085992821597,7.333823529411765,51,8.7057426571846e-05,0.0
low,0,0.0,full_reopt,30,24.590087918863603,5.75,75,8.535478264093399e-05,0.0
low,0,0.0,full_reopt,31,16.997504443208676,6.218198529411764,63,7.830262184143067e-05,0.0
low,0,0.0,full_reopt,32,21.714298002505664,4.914141414141414,87,7.899207147684965e-05,0.0
low,0,0.0,full_reopt,33,22.094738033886458,7.833333333333333,49,8.913626273473103e-05,0.0
low,0,0.0,full_reopt,34,15.294540909661114,7.869047619047619,29,8.359285337584359e-05,0.0
low,0,0.0,full_reopt,35,19.1331305694485,5.703090958605665,63,7.756758067342971e-05,0.0
low,0,0.0,full_reopt,36,21.217667539041464,7.5667526659786715,43,9.065369764963786e-05,0.0
low,0,0.0,full_reopt,37,29.598612263971177,6.018455228981545,131,7.930397987365723e-05,0.0
low,0,0.0,full_reopt,38,17.336172358395075,5.776220383986928,56,7.776962593197823e-05,0.0
low,0,0.0,full_reopt,39,18.46687275255223,7.666666666666667,41,8.998004098733266e-05,0.0
low,0,0.0,periodic,20,9.65172970543669,7.609649122807018,11,1.1638220813539294e-05,0.8888888888888888
low,0,0.0,periodic,21,12.523151022883393,7.516995614035087,17,1.2429896742105484e-05,0.875
low,0,0.0,periodic,22,13.113634444541646,7.302631578947368,28,1.7159432172775268e-05,0.8
low,0,0.0,periodic,23,11.099880408162697,7.070987654320987,14,1.0059939490424262e-05,0.8888888888888888
low,0,0.0,periodic,24,10.8152027984804,5.654411764705881,26,1.3546086847782135e-05,0.8333333333333334
low,0,0.0,periodic,25,7.68255813112242,7.010416666666667,5,1.1665280908346176e-05,0.875
low,0,0.0,periodic,26,9.420035748035518,5.374691358024691,17,9.665058718787299e-06,0.8888888888888888
low,0,0.0,periodic,27,9.467343579025416,8.119444444444445,9,1.1273142364290026e-05,0.8888888888888888
low,0,0.0,periodic,28,12.297595262145292,8.800983436853002,27,1.4755874872207642e-05,0.8571428571428571
low,0,0.0,periodic,29,13.578596114386675,7.931666666666667,29,1.7774850130081175e-05,0.8
low,0,0.0,periodic,30,12.76970827392892,7.5,17,1.2105796486139297e-05,0.875
low,0,0.0,periodic,31,10.400730720664972,6.716666666666667,21,1.788288354873657e-05,0.8
low,0,0.0,periodic,32,11.487536385010548,5.603535353535353,30,1.5729191628369417e-05,0.8181818181818182
low,0,0.0,periodic,33,14.378520042701817,7.666666666666667,17,1.653904716173808e-05,0.8333333333333334
low,0,0.0,periodic,34,12.19249393339643,7.869047619047619,15,1.3303543840135848e-05,0.8571428571428571
low,0,0.0,periodic,35,9.434753863318388,6.509259259259259,13,9.559094905853271e-06,0.8888888888888888
low,0,0.0,periodic,36,11.495367787584419,6.7369281045751634,12,1.438148319721222e-05,0.8333333333333334
low,0,0.0,periodic,37,11.154999953308037,5.1106060606060595,29,1.4775178649208762e-05,0.8181818181818182
low,0,0.0,periodic,38,8.415743909066375,6.049479166666666,12,1.0611489415168762e-05,0.875
low,0,0.0,periodic,39,10.983660797229826,7.666666666666667,12,1.6303732991218567e-05,0.8333333333333334
low,0,0.0,event_triggered_no_stability,20,7.055555555555556,7.055555555555556,0,6.502742568651836e-05,1.0
low,0,0.0,event_triggered_no_stability,21,7.041666666666666,7.041666666666666,0,5.8152712881565094e-05,1.0
low,0,0.0,event_triggered_no_stability,22,7.033333333333334,7.033333333333334,0,5.672648549079895e-05,1.0
low,0,0.0,event_triggered_no_stability,23,7.092592592592592,7.092592592592592,0,6.163658367262947e-05,1.0
low,0,0.0,event_triggered_no_stability,24,7.081018518518519,7.081018518518519,0,0.05868113941202561,1.0
low,0,0.0,event_triggered_no_stability,25,7.010416666666667,7.010416666666667,0,5.969684571027756e-05,1.0
low,0,0.0,event_triggered_no_stability,26,7.080246913580247,7.080246913580247,0,5.8420002460479736e-05,1.0
low,0,0.0,event_triggered_no_stability,27,7.0092592592592595,7.0092592592592595,0,6.0362120469411216e-05,1.0
low,0,0.0,event_triggered_no_stability,28,7.017857142857143,7.017857142857143,0,6.236934236117772e-05,1.0
low,0,0.0,event_triggered_no_stability,29,7.033333333333334,7.033333333333334,0,5.7785958051681516e-05,1.0
low,0,0.0,event_triggered_no_stability,30,7.0,7.0,0,5.741789937019348e-05,1.0
low,0,0.0,event_triggered_no_stability,31,7.0166666666666675,7.0166666666666675,0,0.062029264867305756,1.0
low,0,0.0,event_triggered_no_stability,32,7.128787878787879,7.128787878787879,0,0.05583155087449334,1.0
low,0,0.0,event_triggered_no_stability,33,7.0,7.0,0,6.141575674215953e-05,1.0
low,0,0.0,event_triggered_no_stability,34,7.011904761904761,7.011904761904761,0,6.586260029247828e-05,1.0
low,0,0.0,event_triggered_no_stability,35,7.0586419753086425,7.0586419753086425,0,6.624228424496121e-05,1.0
low,0,0.0,event_triggered_no_stability,36,7.069444444444444,7.069444444444444,0,0.11244018437961738,1.0
low,0,0.0,event_triggered_no_stability,37,7.037878787878787,7.037878787878787,0,0.05601846291260286,1.0
low,0,0.0,event_triggered_no_stability,38,7.0625,7.0625,0,6.089033558964729e-05,1.0
low,0,0.0,event_triggered_no_stability,39,7.0,7.0,0,5.874037742614746e-05,1.0
low,0,0.0,mpc,20,1000021.7110162692,1000011.8896940419,60,9.512239032321506e-05,0.0
low,0,0.0,mpc,21,1000029.7098482151,1000011.6648863637,88,8.886773139238358e-05,0.0
low,0,0.0,mpc,22,1000017.7879939206,1000009.8142857142,50,8.313842117786407e-05,0.0
low,0,0.0,mpc,23,1000024.729096483,1000010.0724637682,75,8.918469150861104e-05,0.0
low,0,0.0,mpc,24,1000022.6815495264,1000009.9496870883,94,8.554415156443913e-05,0.0
low,0,0.0,mpc,25,1000016.2125193347,1000011.0217391304,28,9.503774344921112e-05,0.0
low,0,0.0,mpc,26,1000015.9822807626,1000008.2527151211,43,8.256443672709995e-05,0.0
low,0,0.0,mpc,27,1000020.6080077578,1000012.0193236715,50,9.966848625077141e-05,0.0
low,0,0.0,mpc,28,1000024.264582669,1000012.8915432394,101,0.00010046309658459254,0.0
low,0,0.0,mpc,29,1000020.4871904736,1000011.3703557312,61,9.357370436191559e-05,0.0
low,0,0.0,mpc,30,1000023.7229542747,1000009.75,73,9.490223601460457e-05,0.0
low,0,0.0,mpc,31,1000020.9426703596,1000010.2372294372,74,9.047165513038635e-05,0.0
low,0,0.0,mpc,32,1000022.9583954645,1000008.9549005013,94,8.96098261529749e-05,0.0
low,0,0.0,mpc,33,1000027.3458569987,1000011.8333333334,61,0.00010919074217478435,0.0
low,0,0.0,mpc,34,1000020.9955492042,1000011.8819875775,40,9.741740567343575e-05,0.0
low,0,0.0,mpc,35,1000023.6480596355,1000009.7458748979,80,8.847647243075901e-05,0.0
low,0,0.0,mpc,36,1000024.9513516893,1000011.6403996487,49,9.739274779955547e-05,0.0
low,0,0.0,mpc,37,1000030.7843814034,1000010.0451555022,141,9.279325604438782e-05,0.0
low,0,0.0,mpc,38,1000022.5177508465,1000009.8128411443,71,9.06679779291153e-05,0.0
low,0,0.0,mpc,39,1000024.9940921223,1000011.6666666666,56,9.813904762268066e-05,0.0
low,0,0.0,sarcrp,20,7.055555555555556,7.055555555555556,0,6.491483913527595e-05,1.0
low,0,0.0,sarcrp,21,7.041666666666666,7.041666666666666,0,6.373925134539604e-05,1.0
low,0,0.0,sarcrp,22,7.033333333333334,7.033333333333334,0,7.020942866802216e-05,1.0
low,0,0.0,sarcrp,23,7.092592592592592,7.092592592592592,0,6.281005011664497e-05,1.0
low,0,0.0,sarcrp,24,7.081018518518519,7.081018518518519,0,0.052971696170667805,1.0
low,0,0.0,sarcrp,25,7.010416666666667,7.010416666666667,0,6.395438686013222e-05,1.0
low,0,0.0,sarcrp,26,7.080246913580247,7.080246913580247,0,5.7359536488850914e-05,1.0
low,0,0.0,sarcrp,27,7.0092592592592595,7.0092592592592595,0,5.844856301943461e-05,1.0
low,0,0.0,sarcrp,28,7.017857142857143,7.017857142857143,0,5.636284393923623e-05,1.0
low,0,0.0,sarcrp,29,7.033333333333334,7.033333333333334,0,5.7064741849899295e-05,1.0
low,0,0.0,sarcrp,30,7.0,7.0,0,5.6778546422719955e-05,1.0
low,0,0.0,sarcrp,31,7.0166666666666675,7.0166666666666675,0,0.06237722560763359,1.0
low,0,0.0,sarcrp,32,7.128787878787879,7.128787878787879,0,0.06158434057777578,1.0
low,0,0.0,sarcrp,33,7.0,7.0,0,6.231603523095448e-05,1.0
low,0,0.0,sarcrp,34,7.011904761904761,7.011904761904761,0,5.7837792805262976e-05,1.0
low,0,0.0,sarcrp,35,7.0586419753086425,7.0586419753086425,0,5.9519377019670275e-05,1.0
low,0,0.0,sarcrp,36,7.069444444444444,7.069444444444444,0,0.10417695219318072,1.0
low,0,0.0,sarcrp,37,7.037878787878787,7.037878787878787,0,0.05592898008498279,1.0
low,0,0.0,sarcrp,38,7.0625,7.0625,0,6.0064252465963364e-05,1.0
low,0,0.0,sarcrp,39,7.0,7.0,0,5.7561323046684265e-05,1.0
low,0,0.5,static,20,7.055555555555556,7.055555555555556,0,2.1855036417643228e-07,1.0
low,0,0.5,static,21,7.041666666666666,7.041666666666666,0,2.076849341392517e-07,1.0
low,0,0.5,static,22,7.033333333333334,7.033333333333334,0,1.9073486328125e-07,1.0
low,0,0.5,static,23,7.092592592592592,7.092592592592592,0,2.375907368130154e-07,1.0
low,0,0.5,static,24,7.081018518518519,7.081018518518519,0,2.0613272984822592e-07,1.0
low,0,0.5,static,25,7.010416666666667,7.010416666666667,0,2.0302832126617432e-07,1.0
low,0,0.5,static,26,7.080246913580247,7.080246913580247,0,1.8502275149027506e-07,1.0
low,0,0.5,static,27,7.0092592592592595,7.0092592592592595,0,1.9205941094292535e-07,1.0
low,0,0.5,static,28,7.017857142857143,7.017857142857143,0,1.9291681902749197e-07,1.0
low,0,0.5,static,29,7.033333333333334,7.033333333333334,0,1.9706785678863525e-07,1.0
low,0,0.5,static,30,7.0,7.0,0,2.1047890186309814e-07,1.0
low,0,0.5,static,31,7.0166666666666675,7.0166666666666675,0,1.9669532775878905e-07,1.0
low,0,0.5,static,32,7.128787878787879,7.128787878787879,0,1.8795782869512384e-07,1.0
low,0,0.5,static,33,7.0,7.0,0,2.02407439549764e-07,1.0
low,0,0.5,static,34,7.011904761904761,7.011904761904761,0,2.091484410422189e-07,1.0
low,0,0.5,static,35,7.0586419753086425,7.0586419753086425,0,2.0282136069403754e-07,1.0
low,0,0.5,static,36,7.069444444444444,7.069444444444444,0,2.154459555943807e-07,1.0
low,0,0.5,static,37,7.037878787878787,7.037878787878787,0,2.0997090773148971e-07,1.0
low,0,0.5,static,38,7.0625,7.0625,0,2.2118911147117615e-07,1.0
low,0,0.5,static,39,7.0,7.0,0,1.961986223856608e-07,1.0
low,0,0.5,full_reopt,20,16.259721743368075,7.830896686159845,45,8.581785692109002e-05,0.0
low,0,0.5,full_reopt,21,26.305890414041762,7.641727941176471,75,8.650775998830795e-05,0.0
low,0,0.5,full_reopt,22,13.993959732406278,5.803125,45,8.893758058547974e-05,0.0
low,0,0.5,full_reopt,23,21.78534982235433,6.029048656499636,67,8.299243119027879e-05,0.0
low,0,0.5,full_reopt,24,18.91529416974709,5.923611111111112,77,8.659934004147847e-05,0.0
low,0,0.5,full_reopt,25,8.582469560199174,7.010416666666667,11,9.270152077078819e-05,0.0
low,0,0.5,full_reopt,26,14.972128191772027,4.225694444444445,45,8.385380109151204e-05,0.0
low,0,0.5,full_reopt,27,15.586752294409441,8.00925925925926,40,9.435373875829909e-05,0.0
low,0,0.5,full_reopt,28,20.943807677845808,8.873299319727892,89,9.153091481753759e-05,0.0
low,0,0.5,full_reopt,29,17.120085992821597,7.333823529411765,51,8.503161370754242e-05,0.0
low,0,0.5,full_reopt,30,24.590087918863603,5.75,75,8.922349661588669e-05,0.0
low,0,0.5,full_reopt,31,16.997504443208676,6.218198529411764,63,8.720159530639648e-05,0.0
low,0,0.5,full_reopt,32,21.714298002505664,4.914141414141414,87,7.784942334348506e-05,0.0
low,0,0.5,full_reopt,33,22.094738033886458,7.833333333333333,49,9.600011010964711e-05,0.0
low,0,0.5,full_reopt,34,15.294540909661114,7.869047619047619,29,9.179115295410156e-05,0.0
low,0,0.5,full_reopt,35,19.1331305694485,5.703090958605665,63,8.021212286419338e-05,0.0
low,0,0.5,full_reopt,36,21.217667539041464,7.5667526659786715,43,8.654594421386719e-05,0.0
low,0,0.5,full_reopt,37,29.598612263971177,6.018455228981545,131,8.739801970395175e-05,0.0
low,0,0.5,full_reopt,38,17.336172358395075,5.776220383986928,56,8.04094597697258e-05,0.0
low,0,0.5,full_reopt,39,18.46687275255223,7.666666666666667,41,8.59573483467102e-05,0.0
low,0,0.5,periodic,20,9.65172970543669,7.609649122807018,11,1.0790924231211344e-05,0.8888888888888888
low,0,0.5,periodic,21,12.523151022883393,7.516995614035087,17,1.2750271707773209e-05,0.875
low,0,0.5,periodic,22,13.113634444541646,7.302631578947368,28,1.8500909209251404e-05,0.8
low,0,0.5,periodic,23,11.099880408162697,7.070987654320987,14,1.0316156678729587e-05,0.8888888888888888
low,0,0.5,periodic,24,10.8152027984804,5.654411764705881,26,1.3809651136398315e-05,0.8333333333333334
low,0,0.5,periodic,25,7.68255813112242,7.010416666666667,5,1.1478550732135773e-05,0.875
low,0,0.5,periodic,26,9.420035748035518,5.374691358024691,17,9.39311252699958e-06,0.8888888888888888
low,0,0.5,periodic,27,9.467343579025416,8.119444444444445,9,1.1745012468761868e-05,0.8888888888888888
low,0,0.5,periodic,28,12.297595262145292,8.800983436853002,27,1.5081571681158884e-05,0.8571428571428571
low,0,0.5,periodic,29,13.578596114386675,7.931666666666667,29,1.8368661403656007e-05,0.8
low,0,0.5,periodic,30,12.76970827392892,7.5,17,1.1919066309928894e-05,0.875
low,0,0.5,periodic,31,10.400730720664972,6.716666666666667,21,1.735799014568329e-05,0.8
low,0,0.5,periodic,32,11.487536385010548,5.603535353535353,30,1.8461861393668435e-05,0.8181818181818182
low,0,0.5,periodic,33,14.378520042701817,7.666666666666667,17,1.7628073692321777e-05,0.8333333333333334
low,0,0.5,periodic,34,12.19249393339643,7.869047619047619,15,1.491765890802656e-05,0.8571428571428571
low,0,0.5,periodic,35,9.434753863318388,6.509259259259259,13,1.153515444861518e-05,0.8888888888888888
low,0,0.5,periodic,36,11.495367787584419,6.7369281045751634,12,1.4875705043474833e-05,0.8333333333333334
low,0,0.5,periodic,37,11.154999953308037,5.1106060606060595,29,1.4823268760334361e-05,0.8181818181818182
low,0,0.5,periodic,38,8.415743909066375,6.049479166666666,12,1.3135373592376709e-05,0.875
low,0,0.5,periodic,39,10.983660797229826,7.666666666666667,12,1.7079214255015056e-05,0.8333333333333334
low,0,0.5,event_triggered_no_stability,20,7.055555555555556,7.055555555555556,0,6.463875373204549e-05,1.0
low,0,0.5,event_triggered_no_stability,21,7.041666666666666,7.041666666666666,0,6.212061271071434e-05,1.0
low,0,0.5,event_triggered_no_stability,22,7.033333333333334,7.033333333333334,0,5.985274910926819e-05,1.0
low,0,0.5,event_triggered_no_stability,23,7.092592592592592,7.092592592592592,0,6.0436626275380455e-05,1.0
low,0,0.5,event_triggered_no_stability,24,7.081018518518519,7.081018518518519,0,0.05711922732492288,1.0
low,0,0.5,event_triggered_no_stability,25,7.010416666666667,7.010416666666667,0,6.041722372174263e-05,1.0
low,0,0.5,event_triggered_no_stability,26,7.080246913580247,7.080246913580247,0,6.307620141241286e-05,1.0
low,0,0.5,event_triggered_no_stability,27,7.0092592592592595,7.0092592592592595,0,6.188700596491496e-05,1.0
low,0,0.5,event_triggered_no_stability,28,7.017857142857143,7.017857142857143,0,5.95035297530038e-05,1.0
low,0,0.5,event_triggered_no_stability,29,7.033333333333334,7.033333333333334,0,6.34409487247467e-05,1.0
low,0,0.5,event_triggered_no_stability,30,7.0,7.0,0,6.102537736296654e-05,1.0
low,0,0.5,event_triggered_no_stability,31,7.0166666666666675,7.0166666666666675,0,0.06244928054511547,1.0
low,0,0.5,event_triggered_no_stability,32,7.128787878787879,7.128787878787879,0,0.0569332211532376,1.0
low,0,0.5,event_triggered_no_stability,33,7.0,7.0,0,6.758980453014374e-05,1.0
low,0,0.5,event_triggered_no_stability,34,7.011904761904761,7.011904761904761,0,5.883670278957912e-05,1.0
low,0,0.5,event_triggered_no_stability,35,7.0586419753086425,7.0586419753086425,0,5.918989578882853e-05,1.0
low,0,0.5,event_triggered_no_stability,36,7.069444444444444,7.069444444444444,0,0.11403357982635498,1.0
low,0,0.5,event_triggered_no_stability,37,7.037878787878787,7.037878787878787,0,0.05660314553163268,1.0
low,0,0.5,event_triggered_no_stability,38,7.0625,7.0625,0,6.654812023043633e-05,1.0
low,0,0.5,event_triggered_no_stability,39,7.0,7.0,0,6.186217069625854e-05,1.0
low,0,0.5,mpc,20,1000021.7110162692,1000011.8896940419,60,9.098980161878798e-05,0.0
low,0,0.5,mpc,21,1000029.7098482151,1000011.6648863637,88,9.090732783079147e-05,0.0
low,0,0.5,mpc,22,1000017.7879939206,1000009.8142857142,50,9.155720472335816e-05,0.0
low,0,0.5,mpc,23,1000024.729096483,1000010.0724637682,75,8.71481994787852e-05,0.0
low,0,0.5,mpc,24,1000022.6815495264,1000009.9496870883,94,8.548485736052196e-05,0.0
low,0,0.5,mpc,25,1000016.2125193347,1000011.0217391304,28,8.664559572935104e-05,0.0
low,0,0.5,mpc,26,1000015.9822807626,1000008.2527151211,43,8.506493435965644e-05,0.0
low,0,0.5,mpc,27,1000020.6080077578,1000012.0193236715,50,9.512156248092651e-05,0.0
low,0,0.5,mpc,28,1000024.264582669,1000012.8915432394,101,0.00010038406721183232,0.0
low,0,0.5,mpc,29,1000020.4871904736,1000011.3703557312,61,8.973516523838043e-05,0.0
low,0,0.5,mpc,30,1000023.7229542747,1000009.75,73,8.6276326328516e-05,0.0
low,0,0.5,mpc,31,1000020.9426703596,1000010.2372294372,74,8.786097168922424e-05,0.0
low,0,0.5,mpc,32,1000022.9583954645,1000008.9549005013,94,8.42420214956457e-05,0.0
low,0,0.5,mpc,33,1000027.3458569987,1000011.8333333334,61,9.191657106081645e-05,0.0
low,0,0.5,mpc,34,1000020.9955492042,1000011.8819875775,40,9.029358625411987e-05,0.0
low,0,0.5,mpc,35,1000023.6480596355,1000009.7458748979,80,8.490971393055386e-05,0.0
low,0,0.5,mpc,36,1000024.9513516893,1000011.6403996487,49,9.454538424809773e-05,0.0
low,0,0.5,mpc,37,1000030.7843814034,1000010.0451555022,141,8.419528603553772e-05,0.0
low,0,0.5,mpc,38,1000022.5177508465,1000009.8128411443,71,8.74134711921215e-05,0.0
low,0,0.5,mpc,39,1000024.9940921223,1000011.6666666666,56,9.001729389031728e-05,0.0
low,0,0.5,sarcrp,20,7.055555555555556,7.055555555555556,0,6.287048260370891e-05,1.0
low,0,0.5,sarcrp,21,7.041666666666666,7.041666666666666,0,5.97173348069191e-05,1.0
low,0,0.5,sarcrp,22,7.033333333333334,7.033333333333334,0,5.712322890758514e-05,1.0
low,0,0.5,sarcrp,23,7.092592592592592,7.092592592592592,0,5.797793467839559e-05,1.0
low,0,0.5,sarcrp,24,7.081018518518519,7.081018518518519,0,0.052851538794736065,1.0
low,0,0.5,sarcrp,25,7.010416666666667,7.010416666666667,0,6.267055869102478e-05,1.0
low,0,0.5,sarcrp,26,7.080246913580247,7.080246913580247,0,6.451209386189778e-05,1.0
low,0,0.5,sarcrp,27,7.0092592592592595,7.0092592592592595,0,6.0744169685575696e-05,1.0
low,0,0.5,sarcrp,28,7.017857142857143,7.017857142857143,0,6.182039422648293e-05,1.0
low,0,0.5,sarcrp,29,7.033333333333334,7.033333333333334,0,5.9891119599342345e-05,1.0
low,0,0.5,sarcrp,30,7.0,7.0,0,5.748169496655464e-05,1.0
low,0,0.5,sarcrp,31,7.0166666666666675,7.0166666666666675,0,0.06814073473215103,1.0
low,0,0.5,sarcrp,32,7.128787878787879,7.128787878787879,0,0.05680132589556954,1.0
low,0,0.5,sarcrp,33,7.0,7.0,0,6.0539692640304565e-05,1.0
low,0,0.5,sarcrp,34,7.011904761904761,7.011904761904761,0,5.827365177018302e-05,1.0
low,0,0.5,sarcrp,35,7.0586419753086425,7.0586419753086425,0,6.433576345443726e-05,1.0
low,0,0.5,sarcrp,36,7.069444444444444,7.069444444444444,0,0.10514441629250844,1.0
low,0,0.5,sarcrp,37,7.037878787878787,7.037878787878787,0,0.06161644275892864,1.0
low,0,0.5,sarcrp,38,7.0625,7.0625,0,6.427569314837456e-05,1.0
low,0,0.5,sarcrp,39,7.0,7.0,0,6.184478600819905e-05,1.0
low,0,1.0,static,20,7.055555555555556,7.055555555555556,0,2.1606683731079102e-07,1.0
low,0,1.0,static,21,7.041666666666666,7.041666666666666,0,2.2212043404579163e-07,1.0
low,0,1.0,static,22,7.033333333333334,7.033333333333334,0,1.9744038581848145e-07,1.0
low,0,1.0,static,23,7.092592592592592,7.092592592592592,0,1.999239126841227e-07,1.0
low,0,1.0,static,24,7.081018518518519,7.081018518518519,0,1.9309421380360922e-07,1.0
low,0,1.0,static,25,7.010416666666667,7.010416666666667,0,2.039596438407898e-07,1.0
low,0,1.0,static,26,7.080246913580247,7.080246913580247,0,1.970264646742079e-07,1.0
low,0,1.0,static,27,7.0092592592592595,7.0092592592592595,0,1.9826822810702853e-07,1.0
low,0,1.0,static,28,7.017857142857143,7.017857142857143,0,1.7801565783364432e-07,1.0
low,0,1.0,static,29,7.033333333333334,7.033333333333334,0,2.034008502960205e-07,1.0
low,0,1.0,static,30,7.0,7.0,0,2.016313374042511e-07,1.0
low,0,1.0,static,31,7.0166666666666675,7.0166666666666675,0,1.9073486328125e-07,1.0
low,0,1.0,static,32,7.128787878787879,7.128787878787879,0,2.0082701336253772e-07,1.0
low,0,1.0,static,33,7.0,7.0,0,2.2413829962412515e-07,1.0
low,0,1.0,static,34,7.011904761904761,7.011904761904761,0,1.894576208932059e-07,1.0
low,0,1.0,static,35,7.0586419753086425,7.0586419753086425,0,2.0613272984822592e-07,1.0
low,0,1.0,static,36,7.069444444444444,7.069444444444444,0,2.3158888022104898e-07,1.0
low,0,1.0,static,37,7.037878787878787,7.037878787878787,0,2.052296291698109e-07,1.0
low,0,1.0,static,38,7.0625,7.0625,0,1.862645149230957e-07,1.0
low,0,1.0,static,39,7.0,7.0,0,1.9806126753489176e-07,1.0
low,0,1.0,full_reopt,20,16.259721743368075,7.830896686159845,45,8.649710151884292e-05,0.0
low,0,1.0,full_reopt,21,26.305890414041762,7.641727941176471,75,8.740322664380074e-05,0.0
low,0,1.0,full_reopt,22,13.993959732406278,5.803125,45,7.975958287715912e-05,0.0
low,0,1.0,full_reopt,23,21.78534982235433,6.029048656499636,67,8.542504575517442e-05,0.0
low,0,1.0,full_reopt,24,18.91529416974709,5.923611111111112,77,8.059820781151454e-05,0.0
low,0,1.0,full_reopt,25,8.582469560199174,7.010416666666667,11,8.905772119760513e-05,0.0
low,0,1.0,full_reopt,26,14.972128191772027,4.225694444444445,45,8.053291175100539e-05,0.0
low,0,1.0,full_reopt,27,15.586752294409441,8.00925925925926,40,8.798225058449639e-05,0.0
low,0,1.0,full_reopt,28,20.943807677845808,8.873299319727892,89,9.206309914588928e-05,0.0
low,0,1.0,full_reopt,29,17.120085992821597,7.333823529411765,51,8.853375911712646e-05,0.0
low,0,1.0,full_reopt,30,24.590087918863603,5.75,75,8.25272873044014e-05,0.0
low,0,1.0,full_reopt,31,16.997504443208676,6.218198529411764,63,8.043721318244934e-05,0.0
low,0,1.0,full_reopt,32,21.714298002505664,4.914141414141414,87,7.764859633012252e-05,0.0
low,0,1.0,full_reopt,33,22.094738033886458,7.833333333333333,49,8.592878778775533e-05,0.0
low,0,1.0,full_reopt,34,15.294540909661114,7.869047619047619,29,8.534533636910575e-05,0.0
low,0,1.0,full_reopt,35,19.1331305694485,5.703090958605665,63,7.912309633360969e-05,0.0
low,0,1.0,full_reopt,36,21.217667539041464,7.5667526659786715,43,8.562641839186351e-05,0.0
low,0,1.0,full_reopt,37,29.598612263971177,6.018455228981545,131,8.469041098247875e-05,0.0
low,0,1.0,full_reopt,38,17.336172358395075,5.776220383986928,56,7.978687062859535e-05,0.0
low,0,1.0,full_reopt,39,18.46687275255223,7.666666666666667,41,8.480064570903778e-05,0.0
low,0,1.0,periodic,20,9.65172970543669,7.609649122807018,11,1.067254278394911e-05,0.8888888888888888
low,0,1.0,periodic,21,12.523151022883393,7.516995614035087,17,1.2003351002931595e-05,0.875
low,0,1.0,periodic,22,13.113634444541646,7.302631578947368,28,1.7617642879486083e-05,0.8
low,0,1.0,periodic,23,11.099880408162697,7.070987654320987,14,1.0279317696889242e-05,0.8888888888888888
low,0,1.0,periodic,24,10.8152027984804,5.654411764705881,26,1.394407202800115e-05,0.8333333333333334
low,0,1.0,periodic,25,7.68255813112242,7.010416666666667,5,1.1282972991466522e-05,0.875
low,0,1.0,periodic,26,9.420035748035518,5.374691358024691,17,9.809103276994494e-06,0.8888888888888888
low,0,1.0,periodic,27,9.467343579025416,8.119444444444445,9,1.453401313887702e-05,0.8888888888888888
low,0,1.0,periodic,28,12.297595262145292,8.800983436853002,27,1.3950946075575693e-05,0.8571428571428571
low,0,1.0,periodic,29,13.578596114386675,7.931666666666667,29,1.827739179134369e-05,0.8
low,0,1.0,periodic,30,12.76970827392892,7.5,17,1.1661555618047714e-05,0.875
low,0,1.0,periodic,31,10.400730720664972,6.716666666666667,21,1.710467040538788e-05,0.8
low,0,1.0,periodic,32,11.487536385010548,5.603535353535353,30,1.5125694600018589e-05,0.8181818181818182
low,0,1.0,periodic,33,14.378520042701817,7.666666666666667,17,1.601378122965495e-05,0.8333333333333334
low,0,1.0,periodic,34,12.19249393339643,7.869047619047619,15,1.3963452407291957e-05,0.8571428571428571
low,0,1.0,periodic,35,9.434753863318388,6.509259259259259,13,9.880711634953817e-06,0.8888888888888888
low,0,1.0,periodic,36,11.495367787584419,6.7369281045751634,12,1.4741594592730204e-05,0.8333333333333334
low,0,1.0,periodic,37,11.154999953308037,5.1106060606060595,29,1.4908273111690175e-05,0.8181818181818182
low,0,1.0,periodic,38,8.415743909066375,6.049479166666666,12,1.0796356946229935e-05,0.875
low,0,1.0,periodic,39,10.983660797229826,7.666666666666667,12,1.6097600261370342e-05,0.8333333333333334
low,0,1.0,event_triggered_no_stability,20,7.055555555555556,7.055555555555556,0,6.0364603996276855e-05,1.0
low,0,1.0,event_triggered_no_stability,21,7.041666666666666,7.041666666666666,0,5.819275975227356e-05,1.0
low,0,1.0,event_triggered_no_stability,22,7.033333333333334,7.033333333333334,0,5.7131052017211914e-05,1.0
low,0,1.0,event_triggered_no_stability,23,7.092592592592592,7.092592592592592,0,5.81530233224233e-05,1.0
low,0,1.0,event_triggered_no_stability,24,7.081018518518519,7.081018518518519,0,0.052627780785163246,1.0
low,0,1.0,event_triggered_no_stability,25,7.010416666666667,7.010416666666667,0,6.495695561170578e-05,1.0
low,0,1.0,event_triggered_no_stability,26,7.080246913580247,7.080246913580247,0,6.130668852064345e-05,1.0
low,0,1.0,event_triggered_no_stability,27,7.0092592592592595,7.0092592592592595,0,5.813563863436381e-05,1.0
low,0,1.0,event_triggered_no_stability,28,7.017857142857143,7.017857142857143,0,5.8652300919805255e-05,1.0
low,0,1.0,event_triggered_no_stability,29,7.033333333333334,7.033333333333334,0,6.248988211154938e-05,1.0
low,0,1.0,event_triggered_no_stability,30,7.0,7.0,0,5.767308175563812e-05,1.0
low,0,1.0,event_triggered_no_stability,31,7.0166666666666675,7.0166666666666675,0,0.06200673393905163,1.0
low,0,1.0,event_triggered_no_stability,32,7.128787878787879,7.128787878787879,0,0.056130199269814926,1.0
low,0,1.0,event_triggered_no_stability,33,7.0,7.0,0,6.769659618536632e-05,1.0
low,0,1.0,event_triggered_no_stability,34,7.011904761904761,7.011904761904761,0,6.42570001738412e-05,1.0
low,0,1.0,event_triggered_no_stability,35,7.0586419753086425,7.0586419753086425,0,5.890304843584696e-05,1.0
low,0,1.0,event_triggered_no_stability,36,7.069444444444444,7.069444444444444,0,0.11328203851977985,1.0
low,0,1.0,event_triggered_no_stability,37,7.037878787878787,7.037878787878787,0,0.056178846142508766,1.0
low,0,1.0,event_triggered_no_stability,38,7.0625,7.0625,0,6.29308633506298e-05,1.0
low,0,1.0,event_triggered_no_stability,39,7.0,7.0,0,6.200683613618214e-05,1.0
low,0,1.0,mpc,20,1000021.7110162692,1000011.8896940419,60,9.90695423550076e-05,0.0
low,0,1.0,mpc,21,1000029.7098482151,1000011.6648863637,88,9.102979674935341e-05,0.0
low,0,1.0,mpc,22,1000017.7879939206,1000009.8142857142,50,8.937492966651917e-05,0.0
low,0,1.0,mpc,23,1000024.729096483,1000010.0724637682,75,8.840279446707832e-05,0.0
low,0,1.0,mpc,24,1000022.6815495264,1000009.9496870883,94,8.922504882017772e-05,0.0
low,0,1.0,mpc,25,1000016.2125193347,1000011.0217391304,28,9.481795132160187e-05,0.0
low,0,1.0,mpc,26,1000015.9822807626,1000008.2527151211,43,8.20159912109375e-05,0.0
low,0,1.0,mpc,27,1000020.6080077578,1000012.0193236715,50,9.081098768446181e-05,0.0
low,0,1.0,mpc,28,1000024.264582669,1000012.8915432394,101,9.964406490325928e-05,0.0
low,0,1.0,mpc,29,1000020.4871904736,1000011.3703557312,61,8.79976898431778e-05,0.0
low,0,1.0,mpc,30,1000023.7229542747,1000009.75,73,9.199930354952812e-05,0.0
low,0,1.0,mpc,31,1000020.9426703596,1000010.2372294372,74,8.90970230102539e-05,0.0
low,0,1.0,mpc,32,1000022.9583954645,1000008.9549005013,94,8.923831311139193e-05,0.0
low,0,1.0,mpc,33,1000027.3458569987,1000011.8333333334,61,9.597092866897583e-05,0.0
low,0,1.0,mpc,34,1000020.9955492042,1000011.8819875775,40,9.129728589739119e-05,0.0
low,0,1.0,mpc,35,1000023.6480596355,1000009.7458748979,80,8.328217599127028e-05,0.0
low,0,1.0,mpc,36,1000024.9513516893,1000011.6403996487,49,9.433676799138387e-05,0.0
low,0,1.0,mpc,37,1000030.7843814034,1000010.0451555022,141,9.109926494685087e-05,0.0
low,0,1.0,mpc,38,1000022.5177508465,1000009.8128411443,71,8.48495401442051e-05,0.0
low,0,1.0,mpc,39,1000024.9940921223,1000011.6666666666,56,9.83035812775294e-05,0.0
low,0,1.0,sarcrp,20,7.055555555555556,7.055555555555556,0,6.33460779984792e-05,1.0
low,0,1.0,sarcrp,21,7.041666666666666,7.041666666666666,0,6.085634231567383e-05,1.0
low,0,1.0,sarcrp,22,7.033333333333334,7.033333333333334,0,5.642324686050415e-05,1.0
low,0,1.0,sarcrp,23,7.092592592592592,7.092592592592592,0,6.234438882933723e-05,1.0
low,0,1.0,sarcrp,24,7.081018518518519,7.081018518518519,0,0.05276934957752625,1.0
low,0,1.0,sarcrp,25,7.010416666666667,7.010416666666667,0,5.912547931075096e-05,1.0
low,0,1.0,sarcrp,26,7.080246913580247,7.080246913580247,0,5.897589855723911e-05,1.0
low,0,1.0,sarcrp,27,7.0092592592592595,7.0092592592592595,0,5.7209283113479614e-05,1.0
low,0,1.0,sarcrp,28,7.017857142857143,7.017857142857143,0,5.6428568703787665e-05,1.0
low,0,1.0,sarcrp,29,7.033333333333334,7.033333333333334,0,5.835406482219696e-05,1.0
low,0,1.0,sarcrp,30,7.0,7.0,0,6.052805110812187e-05,1.0
low,0,1.0,sarcrp,31,7.0166666666666675,7.0166666666666675,0,0.06963128484785557,1.0
low,0,1.0,sarcrp,32,7.128787878787879,7.128787878787879,0,0.056527847932143646,1.0
low,0,1.0,sarcrp,33,7.0,7.0,0,6.560981273651123e-05,1.0
low,0,1.0,sarcrp,34,7.011904761904761,7.011904761904761,0,5.890801548957825e-05,1.0
low,0,1.0,sarcrp,35,7.0586419753086425,7.0586419753086425,0,5.7838443252775403e-05,1.0
low,0,1.0,sarcrp,36,7.069444444444444,7.069444444444444,0,0.10314808475474517,1.0
low,0,1.0,sarcrp,37,7.037878787878787,7.037878787878787,0,0.06229221380569718,1.0
low,0,1.0,sarcrp,38,7.0625,7.0625,0,5.993340164422989e-05,1.0
low,0,1.0,sarcrp,39,7.0,7.0,0,5.7598575949668884e-05,1.0
low,3,0.0,static,20,7.055555555555556,7.055555555555556,0,2.1606683731079102e-07,1.0
low,3,0.0,static,21,7.041666666666666,7.041666666666666,0,2.1653249859809875e-07,1.0
low,3,0.0,static,22,7.033333333333334,7.033333333333334,0,2.0600855350494384e-07,1.0
low,3,0.0,static,23,7.092592592592592,7.092592592592592,0,2.1523899502224393e-07,1.0
low,3,0.0,static,24,7.081018518518519,7.081018518518519,0,2.0147611697514853e-07,1.0
low,3,0.0,static,25,7.010416666666667,7.010416666666667,0,2.0023435354232788e-07,1.0
low,3,0.0,static,26,7.080246913580247,7.080246913580247,0,1.953707800971137e-07,1.0
low,3,0.0,static,27,7.0092592592592595,7.0092592592592595,0,1.9330117437574597e-07,1.0
low,3,0.0,static,28,7.017857142857143,7.017857142857143,0,1.8919152872903006e-07,1.0
low,3,0.0,static,29,7.033333333333334,7.033333333333334,0,1.9036233425140381e-07,1.0
low,3,0.0,static,30,7.0,7.0,0,1.8719583749771118e-07,1.0
low,3,0.0,static,31,7.0166666666666675,7.0166666666666675,0,2.168118953704834e-07,1.0
low,3,0.0,static,32,7.128787878787879,7.128787878787879,0,1.9777904857288708e-07,1.0
low,3,0.0,static,33,7.0,7.0,0,1.986821492513021e-07,1.0
low,3,0.0,static,34,7.011904761904761,7.011904761904761,0,2.0435878208705356e-07,1.0
low,3,0.0,static,35,7.0586419753086425,7.0586419753086425,0,2.0116567611694336e-07,1.0
low,3,0.0,static,36,7.069444444444444,7.069444444444444,0,2.1420419216156006e-07,1.0
low,3,0.0,static,37,7.037878787878787,7.037878787878787,0,1.8389387564225632e-07,1.0
low,3,0.0,static,38,7.0625,7.0625,0,2.123415470123291e-07,1.0
low,3,0.0,static,39,7.0,7.0,0,2.086162567138672e-07,1.0
low,3,0.0,full_reopt,20,16.259721743368075,7.830896686159845,45,8.799177077081468e-05,0.0
low,3,0.0,full_reopt,21,26.305890414041762,7.641727941176471,75,9.158020839095116e-05,0.0
low,3,0.0,full_reopt,22,13.993959732406278,5.803125,45,8.286349475383759e-05,0.0
low,3,0.0,full_reopt,23,21.78534982235433,6.029048656499636,67,8.294979731241862e-05,0.0
low,3,0.0,full_reopt,24,18.91529416974709,5.923611111111112,77,8.441538860400517e-05,0.0
low,3,0.0,full_reopt,25,8.582469560199174,7.010416666666667,11,8.852267637848854e-05,0.0
low,3,0.0,full_reopt,26,14.972128191772027,4.225694444444445,45,8.113723662164476e-05,0.0
low,3,0.0,full_reopt,27,15.586752294409441,8.00925925925926,40,8.679843611187405e-05,0.0
low,3,0.0,full_reopt,28,20.943807677845808,8.873299319727892,89,8.866643267018455e-05,0.0
low,3,0.0,full_reopt,29,17.120085992821597,7.333823529411765,51,8.540190756320954e-05,0.0
low,3,0.0,full_reopt,30,24.590087918863603,5.75,75,8.061109110713005e-05,0.0
low,3,0.0,full_reopt,31,16.997504443208676,6.218198529411764,63,8.456110954284668e-05,0.0
low,3,0.0,full_reopt,32,21.714298002505664,4.914141414141414,87,8.154795928434892e-05,0.0
low,3,0.0,full_reopt,33,22.094738033886458,7.833333333333333,49,8.663286765416463e-05,0.0
low,3,0.0,full_reopt,34,15.294540909661114,7.869047619047619,29,9.132815258843558e-05,0.0
low,3,0.0,full_reopt,35,19.1331305694485,5.703090958605665,63,8.504423830244277e-05,0.0
low,3,0.0,full_reopt,36,21.217667539041464,7.5667526659786715,43,8.617838223775227e-05,0.0
low,3,0.0,full_reopt,37,29.598612263971177,6.018455228981545,131,8.12458721074191e-05,0.0
low,3,0.0,full_reopt,38,17.336172358395075,5.776220383986928,56,8.514244109392166e-05,0.0
low,3,0.0,full_reopt,39,18.46687275255223,7.666666666666667,41,9.081636865933736e-05,0.0
low,3,0.0,periodic,20,9.65172970543669,7.609649122807018,11,1.0802927944395276e-05,0.8888888888888888
low,3,0.0,periodic,21,12.523151022883393,7.516995614035087,17,1.1888332664966583e-05,0.875
low,3,0.0,periodic,22,13.113634444541646,7.302631578947368,28,1.7786771059036256e-05,0.8
low,3,0.0,periodic,23,11.099880408162697,7.070987654320987,14,1.0338922341664633e-05,0.8888888888888888
low,3,0.0,periodic,24,10.8152027984804,5.654411764705881,26,1.4091220994790396e-05,0.8333333333333334
low,3,0.0,periodic,25,7.68255813112242,7.010416666666667,5,1.1585652828216553e-05,0.875
low,3,0.0,periodic,26,9.420035748035518,5.374691358024691,17,9.377797444661459e-06,0.8888888888888888
low,3,0.0,periodic,27,9.467343579025416,8.119444444444445,9,1.0932485262552897e-05,0.8888888888888888
low,3,0.0,periodic,28,12.297595262145292,8.800983436853002,27,1.3967975974082947e-05,0.8571428571428571
low,3,0.0,periodic,29,13.578596114386675,7.931666666666667,29,1.9484013319015502e-05,0.8
low,3,0.0,periodic,30,12.76970827392892,7.5,17,1.2459233403205872e-05,0.875
low,3,0.0,periodic,31,10.400730720664972,6.716666666666667,21,1.776739954948425e-05,0.8
low,3,0.0,periodic,32,11.487536385010548,5.603535353535353,30,1.5283172780817207e-05,0.8181818181818182
low,3,0.0,periodic,33,14.378520042701817,7.666666666666667,17,1.607338587443034e-05,0.8333333333333334
low,3,0.0,periodic,34,12.19249393339643,7.869047619047619,15,1.4490314892360143e-05,0.8571428571428571
low,3,0.0,periodic,35,9.434753863318388,6.509259259259259,13,1.006449262301127e-05,0.8888888888888888
low,3,0.0,periodic,36,11.495367787584419,6.7369281045751634,12,1.5109777450561523e-05,0.8333333333333334
low,3,0.0,periodic,37,11.154999953308037,5.1106060606060595,29,1.495974985035983e-05,0.8181818181818182
low,3,0.0,periodic,38,8.415743909066375,6.049479166666666,12,1.3587996363639832e-05,0.875
low,3,0.0,periodic,39,10.983660797229826,7.666666666666667,12,1.7452985048294067e-05,0.8333333333333334
low,3,0.0,event_triggered_no_stability,20,7.055555555555556,7.055555555555556,0,6.453278991911147e-05,1.0
low,3,0.0,event_triggered_no_stability,21,7.041666666666666,7.041666666666666,0,6.311992183327675e-05,1.0
low,3,0.0,event_triggered_no_stability,22,7.033333333333334,7.033333333333334,0,6.178282201290131e-05,1.0
low,3,0.0,event_triggered_no_stability,23,7.092592592592592,7.092592592592592,0,5.9788839684592356e-05,1.0
low,3,0.0,event_triggered_no_stability,24,7.081018518518519,7.081018518518519,0,0.05395032372325659,1.0
low,3,0.0,event_triggered_no_stability,25,7.010416666666667,7.010416666666667,0,6.732530891895294e-05,1.0
low,3,0.0,event_triggered_no_stability,26,7.080246913580247,7.080246913580247,0,6.0862137211693655e-05,1.0
low,3,0.0,event_triggered_no_stability,27,7.0092592592592595,7.0092592592592595,0,6.359070539474487e-05,1.0
low,3,0.0,event_triggered_no_stability,28,7.017857142857143,7.017857142857143,0,5.965387182576316e-05,1.0
low,3,0.0,event_triggered_no_stability,29,7.033333333333334,7.033333333333334,0,5.7934224605560304e-05,1.0
low,3,0.0,event_triggered_no_stability,30,7.0,7.0,0,6.275670602917671e-05,1.0
low,3,0.0,event_triggered_no_stability,31,7.0166666666666675,7.0166666666666675,0,0.06287713795900345,1.0
low,3,0.0,event_triggered_no_stability,32,7.128787878787879,7.128787878787879,0,0.06330090727318417,1.0
low,3,0.0,event_triggered_no_stability,33,7.0,7.0,0,6.409237782160442e-05,1.0
low,3,0.0,event_triggered_no_stability,34,7.011904761904761,7.011904761904761,0,5.828589200973511e-05,1.0
low,3,0.0,event_triggered_no_stability,35,7.0586419753086425,7.0586419753086425,0,5.875983171992832e-05,1.0
low,3,0.0,event_triggered_no_stability,36,7.069444444444444,7.069444444444444,0,0.10601203019420306,1.0
low,3,0.0,event_triggered_no_stability,37,7.037878787878787,7.037878787878787,0,0.05872837386348031,1.0
low,3,0.0,event_triggered_no_stability,38,7.0625,7.0625,0,6.331177428364754e-05,1.0
low,3,0.0,event_triggered_no_stability,39,7.0,7.0,0,5.844980478286743e-05,1.0
low,3,0.0,mpc,20,1000021.7110162692,1000011.8896940419,60,9.097572829988267e-05,0.0
low,3,0.0,mpc,21,1000029.7098482151,1000011.6648863637,88,9.583402425050735e-05,0.0
low,3,0.0,mpc,22,1000017.7879939206,1000009.8142857142,50,8.782520890235901e-05,0.0
low,3,0.0,mpc,23,1000024.729096483,1000010.0724637682,75,8.494406938552856e-05,0.0
low,3,0.0,mpc,24,1000022.6815495264,1000009.9496870883,94,8.942714581886928e-05,0.0
low,3,0.0,mpc,25,1000016.2125193347,1000011.0217391304,28,8.897064253687859e-05,0.0
low,3,0.0,mpc,26,1000015.9822807626,1000008.2527151211,43,7.975887921121385e-05,0.0
low,3,0.0,mpc,27,1000020.6080077578,1000012.0193236715,50,9.650447302394443e-05,0.0
low,3,0.0,mpc,28,1000024.264582669,1000012.8915432394,101,9.254020239625658e-05,0.0
low,3,0.0,mpc,29,1000020.4871904736,1000011.3703557312,61,9.317956864833832e-05,0.0
low,3,0.0,mpc,30,1000023.7229542747,1000009.75,73,9.34484414756298e-05,0.0
low,3,0.0,mpc,31,1000020.9426703596,1000010.2372294372,74,8.549094200134277e-05,0.0
low,3,0.0,mpc,32,1000022.9583954645,1000008.9549005013,94,8.809397166425532e-05,0.0
low,3,0.0,mpc,33,1000027.3458569987,1000011.8333333334,61,9.842651585737865e-05,0.0
low,3,0.0,mpc,34,1000020.9955492042,1000011.8819875775,40,8.942240050860814e-05,0.0
low,3,0.0,mpc,35,1000023.6480596355,1000009.7458748979,80,8.40831134054396e-05,0.0
low,3,0.0,mpc,36,1000024.9513516893,1000011.6403996487,49,8.905678987503052e-05,0.0
low,3,0.0,mpc,37,1000030.7843814034,1000010.0451555022,141,8.399953896349126e-05,0.0
low,3,0.0,mpc,38,1000022.5177508465,1000009.8128411443,71,8.36644321680069e-05,0.0
low,3,0.0,mpc,39,1000024.9940921223,1000011.6666666666,56,9.926532705624898e-05,0.0
low,3,0.0,sarcrp,20,7.055555555555556,7.055555555555556,0,6.071892049577501e-05,1.0
low,3,0.0,sarcrp,21,7.041666666666666,7.041666666666666,0,5.7656317949295044e-05,1.0
low,3,0.0,sarcrp,22,7.033333333333334,7.033333333333334,0,5.945451557636261e-05,1.0
low,3,0.0,sarcrp,23,7.092592592592592,7.092592592592592,0,6.055417988035414e-05,1.0
low,3,0.0,sarcrp,24,7.081018518518519,7.081018518518519,0,0.059387415026625,1.0
low,3,0.0,sarcrp,25,7.010416666666667,7.010416666666667,0,6.551574915647507e-05,1.0
low,3,0.0,sarcrp,26,7.080246913580247,7.080246913580247,0,6.122845742437575e-05,1.0
low,3,0.0,sarcrp,27,7.0092592592592595,7.0092592592592595,0,5.9844719039069285e-05,1.0
low,3,0.0,sarcrp,28,7.017857142857143,7.017857142857143,0,5.667975970676967e-05,1.0
low,3,0.0,sarcrp,29,7.033333333333334,7.033333333333334,0,6.203241646289826e-05,1.0
low,3,0.0,sarcrp,30,7.0,7.0,0,5.967309698462486e-05,1.0
low,3,0.0,sarcrp,31,7.0166666666666675,7.0166666666666675,0,0.06267886236310005,1.0
low,3,0.0,sarcrp,32,7.128787878787879,7.128787878787879,0,0.05721610987728292,1.0
low,3,0.0,sarcrp,33,7.0,7.0,0,5.9687222043673195e-05,1.0
low,3,0.0,sarcrp,34,7.011904761904761,7.011904761904761,0,5.8511005980627874e-05,1.0
low,3,0.0,sarcrp,35,7.0586419753086425,7.0586419753086425,0,6.0417171981599597e-05,1.0
low,3,0.0,sarcrp,36,7.069444444444444,7.069444444444444,0,0.11541034902135532,1.0
low,3,0.0,sarcrp,37,7.037878787878787,7.037878787878787,0,0.05798696354031563,1.0
low,3,0.0,sarcrp,38,7.0625,7.0625,0,6.475253030657768e-05,1.0
low,3,0.0,sarcrp,39,7.0,7.0,0,6.241848071416219e-05,1.0
low,3,0.5,static,20,7.055555555555556,7.055555555555556,0,2.3510720994737414e-07,1.0
low,3,0.5,static,21,7.041666666666666,7.041666666666666,0,2.1280720829963684e-07,1.0
low,3,0.5,static,22,7.033333333333334,7.033333333333334,0,2.037733793258667e-07,1.0
low,3,0.5,static,23,7.092592592592592,7.092592592592592,0,2.1441115273369684e-07,1.0
low,3,0.5,static,24,7.081018518518519,7.081018518518519,0,1.9495685895284018e-07,1.0
low,3,0.5,static,25,7.010416666666667,7.010416666666667,0,2.0721927285194397e-07,1.0
low,3,0.5,static,26,7.080246913580247,7.080246913580247,0,2.1606683731079102e-07,1.0
low,3,0.5,static,27,7.0092592592592595,7.0092592592592595,0,2.123415470123291e-07,1.0
low,3,0.5,static,28,7.017857142857143,7.017857142857143,0,1.987708466393607e-07,1.0
low,3,0.5,static,29,7.033333333333334,7.033333333333334,0,2.0898878574371338e-07,1.0
low,3,0.5,static,30,7.0,7.0,0,2.0070001482963562e-07,1.0
low,3,0.5,static,31,7.0166666666666675,7.0166666666666675,0,2.1383166313171386e-07,1.0
low,3,0.5,static,32,7.128787878787879,7.128787878787879,0,2.1200288425792346e-07,1.0
low,3,0.5,static,33,7.0,7.0,0,2.1855036417643228e-07,1.0
low,3,0.5,static,34,7.011904761904761,7.011904761904761,0,2.2192086492265973e-07,1.0
low,3,0.5,static,35,7.0586419753086425,7.0586419753086425,0,2.1068586243523492e-07,1.0
low,3,0.5,static,36,7.069444444444444,7.069444444444444,0,2.4400651454925537e-07,1.0
low,3,0.5,static,37,7.037878787878787,7.037878787878787,0,2.0590695467862216e-07,1.0
low,3,0.5,static,38,7.0625,7.0625,0,2.1560117602348328e-07,1.0
low,3,0.5,static,39,7.0,7.0,0,2.3158888022104898e-07,1.0
low,3,0.5,full_reopt,20,16.259721743368075,7.830896686159845,45,9.394644035233391e-05,0.0
low,3,0.5,full_reopt,21,26.305890414041762,7.641727941176471,75,9.43387858569622e-05,0.0
low,3,0.5,full_reopt,22,13.993959732406278,5.803125,45,8.714832365512848e-05,0.0
low,3,0.5,full_reopt,23,21.78534982235433,6.029048656499636,67,8.597183558675979e-05,0.0
low,3,0.5,full_reopt,24,18.91529416974709,5.923611111111112,77,8.07639832297961e-05,0.0
low,3,0.5,full_reopt,25,8.582469560199174,7.010416666666667,11,9.003235027194023e-05,0.0
low,3,0.5,full_reopt,26,14.972128191772027,4.225694444444445,45,7.948072420226203e-05,0.0
low,3,0.5,full_reopt,27,15.586752294409441,8.00925925925926,40,9.365586770905388e-05,0.0
low,3,0.5,full_reopt,28,20.943807677845808,8.873299319727892,89,9.866857102939061e-05,0.0
low,3,0.5,full_reopt,29,17.120085992821597,7.333823529411765,51,8.911453187465668e-05,0.0
low,3,0.5,full_reopt,30,24.590087918863603,5.75,75,8.436664938926697e-05,0.0
low,3,0.5,full_reopt,31,16.997504443208676,6.218198529411764,63,8.552633225917816e-05,0.0
low,3,0.5,full_reopt,32,21.714298002505664,4.914141414141414,87,7.786364717917009e-05,0.0
low,3,0.5,full_reopt,33,22.094738033886458,7.833333333333333,49,9.089273711045583e-05,0.0
low,3,0.5,full_reopt,34,15.294540909661114,7.869047619047619,29,9.329829897199358e-05,0.0
low,3,0.5,full_reopt,35,19.1331305694485,5.703090958605665,63,8.672848343849182e-05,0.0
low,3,0.5,full_reopt,36,21.217667539041464,7.5667526659786715,43,8.873206873734792e-05,0.0
low,3,0.5,full_reopt,37,29.598612263971177,6.018455228981545,131,8.870254863392223e-05,0.0
low,3,0.5,full_reopt,38,17.336172358395075,5.776220383986928,56,8.390145376324654e-05,0.0
low,3,0.5,full_reopt,39,18.46687275255223,7.666666666666667,41,9.397293130556743e-05,0.0
low,3,0.5,periodic,20,9.65172970543669,7.609649122807018,11,1.1064526107576159e-05,0.8888888888888888
low,3,0.5,periodic,21,12.523151022883393,7.516995614035087,17,1.2852717190980911e-05,0.875
low,3,0.5,periodic,22,13.113634444541646,7.302631578947368,28,1.8635392189025878e-05,0.8
low,3,0.5,periodic,23,11.099880408162697,7.070987654320987,14,1.0232544607586331e-05,0.8888888888888888
low,3,0.5,periodic,24,10.8152027984804,5.654411764705881,26,1.3879810770352682e-05,0.8333333333333334
low,3,0.5,periodic,25,7.68255813112242,7.010416666666667,5,1.139892265200615e-05,0.875
low,3,0.5,periodic,26,9.420035748035518,5.374691358024691,17,9.278456370035807e-06,0.8888888888888888
low,3,0.5,periodic,27,9.467343579025416,8.119444444444445,9,1.0660539070765177e-05,0.8888888888888888
low,3,0.5,periodic,28,12.297595262145292,8.800983436853002,27,1.4769977756908961e-05,0.8571428571428571
low,3,0.5,periodic,29,13.578596114386675,7.931666666666667,29,1.8499046564102174e-05,0.8
low,3,0.5,periodic,30,12.76970827392892,7.5,17,1.1852942407131195e-05,0.875
low,3,0.5,periodic,31,10.400730720664972,6.716666666666667,21,1.693814992904663e-05,0.8
low,3,0.5,periodic,32,11.487536385010548,5.603535353535353,30,1.5001405369151723e-05,0.8181818181818182
low,3,0.5,periodic,33,14.378520042701817,7.666666666666667,17,1.6004468003908794e-05,0.8333333333333334
low,3,0.5,periodic,34,12.19249393339643,7.869047619047619,15,1.4362058469227382e-05,0.8571428571428571
low,3,0.5,periodic,35,9.434753863318388,6.509259259259259,13,1.0489589638180203e-05,0.8888888888888888
low,3,0.5,periodic,36,11.495367787584419,6.7369281045751634,12,1.59206489721934e-05,0.8333333333333334
low,3,0.5,periodic,37,11.154999953308037,5.1106060606060595,29,1.629611307924444e-05,0.8181818181818182
low,3,0.5,periodic,38,8.415743909066375,6.049479166666666,12,1.1233612895011902e-05,0.875
low,3,0.5,periodic,39,10.983660797229826,7.666666666666667,12,1.6125539938608806e-05,0.8333333333333334
low,3,0.5,event_triggered_no_stability,20,7.055555555555556,7.055555555555556,0,6.13261428144243e-05,1.0
low,3,0.5,event_triggered_no_stability,21,7.041666666666666,7.041666666666666,0,6.14505261182785e-05,1.0
low,3,0.5,event_triggered_no_stability,22,7.033333333333334,7.033333333333334,0,5.695410072803497e-05,1.0
low,3,0.5,event_triggered_no_stability,23,7.092592592592592,7.092592592592592,0,5.8167510562472875e-05,1.0
low,3,0.5,event_triggered_no_stability,24,7.081018518518519,7.081018518518519,0,0.05921816577514013,1.0
low,3,0.5,event_triggered_no_stability,25,7.010416666666667,7.010416666666667,0,6.292620673775673e-05,1.0
low,3,0.5,event_triggered_no_stability,26,7.080246913580247,7.080246913580247,0,6.428733468055725e-05,1.0
low,3,0.5,event_triggered_no_stability,27,7.0092592592592595,7.0092592592592595,0,5.8402203851275975e-05,1.0
low,3,0.5,event_triggered_no_stability,28,7.017857142857143,7.017857142857143,0,5.7230304394449506e-05,1.0
low,3,0.5,event_triggered_no_stability,29,7.033333333333334,7.033333333333334,0,5.8105215430259705e-05,1.0
low,3,0.5,event_triggered_no_stability,30,7.0,7.0,0,5.774153396487236e-05,1.0
low,3,0.5,event_triggered_no_stability,31,7.0166666666666675,7.0166666666666675,0,0.06268883794546128,1.0
low,3,0.5,event_triggered_no_stability,32,7.128787878787879,7.128787878787879,0,0.05726995082064108,1.0
low,3,0.5,event_triggered_no_stability,33,7.0,7.0,0,6.268483897050221e-05,1.0
low,3,0.5,event_triggered_no_stability,34,7.011904761904761,7.011904761904761,0,6.462367517607552e-05,1.0
low,3,0.5,event_triggered_no_stability,35,7.0586419753086425,7.0586419753086425,0,6.34152028295729e-05,1.0
low,3,0.5,event_triggered_no_stability,36,7.069444444444444,7.069444444444444,0,0.11551148258149624,1.0
low,3,0.5,event_triggered_no_stability,37,7.037878787878787,7.037878787878787,0,0.05809302255511284,1.0
low,3,0.5,event_triggered_no_stability,38,7.0625,7.0625,0,6.149755790829659e-05,1.0
low,3,0.5,event_triggered_no_stability,39,7.0,7.0,0,5.868139366308848e-05,1.0
low,3,0.5,mpc,20,1000021.7110162692,1000011.8896940419,60,9.140455060535007e-05,0.0
low,3,0.5,mpc,21,1000029.7098482151,1000011.6648863637,88,8.96938145160675e-05,0.0
low,3,0.5,mpc,22,1000017.7879939206,1000009.8142857142,50,9.140484035015106e-05,0.0
low,3,0.5,mpc,23,1000024.729096483,1000010.0724637682,75,8.80070858531528e-05,0.0
low,3,0.5,mpc,24,1000022.6815495264,1000009.9496870883,94,8.757878094911575e-05,0.0
low,3,0.5,mpc,25,1000016.2125193347,1000011.0217391304,28,9.24849882721901e-05,0.0
low,3,0.5,mpc,26,1000015.9822807626,1000008.2527151211,43,8.811387750837539e-05,0.0
low,3,0.5,mpc,27,1000020.6080077578,1000012.0193236715,50,0.00010044831368658278,0.0
low,3,0.5,mpc,28,1000024.264582669,1000012.8915432394,101,9.424984455108643e-05,0.0
low,3,0.5,mpc,29,1000020.4871904736,1000011.3703557312,61,9.56319272518158e-05,0.0
low,3,0.5,mpc,30,1000023.7229542747,1000009.75,73,9.036948904395103e-05,0.0
low,3,0.5,mpc,31,1000020.9426703596,1000010.2372294372,74,8.55226069688797e-05,0.0
low,3,0.5,mpc,32,1000022.9583954645,1000008.9549005013,94,8.821419694206931e-05,0.0
low,3,0.5,mpc,33,1000027.3458569987,1000011.8333333334,61,9.712018072605133e-05,0.0
low,3,0.5,mpc,34,1000020.9955492042,1000011.8819875775,40,9.035531963620867e-05,0.0
low,3,0.5,mpc,35,1000023.6480596355,1000009.7458748979,80,8.801163898573982e-05,0.0
low,3,0.5,mpc,36,1000024.9513516893,1000011.6403996487,49,9.694136679172516e-05,0.0
low,3,0.5,mpc,37,1000030.7843814034,1000010.0451555022,141,8.524344726042314e-05,0.0
low,3,0.5,mpc,38,1000022.5177508465,1000009.8128411443,71,8.420320227742195e-05,0.0
low,3,0.5,mpc,39,1000024.9940921223,1000011.6666666666,56,9.469129145145416e-05,0.0
low,3,0.5,sarcrp,20,7.055555555555556,7.055555555555556,0,5.9346771902508204e-05,1.0
low,3,0.5,sarcrp,21,7.041666666666666,7.041666666666666,0,6.109103560447693e-05,1.0
low,3,0.5,sarcrp,22,7.033333333333334,7.033333333333334,0,5.8972463011741635e-05,1.0
low,3,0.5,sarcrp,23,7.092592592592592,7.092592592592592,0,6.25339647134145e-05,1.0
low,3,0.5,sarcrp,24,7.081018518518519,7.081018518518519,0,0.053340960294008255,1.0
low,3,0.5,sarcrp,25,7.010416666666667,7.010416666666667,0,6.091827526688576e-05,1.0
low,3,0.5,sarcrp,26,7.080246913580247,7.080246913580247,0,6.290069884724087e-05,1.0
low,3,0.5,sarcrp,27,7.0092592592592595,7.0092592592592595,0,6.203270620769924e-05,1.0
low,3,0.5,sarcrp,28,7.017857142857143,7.017857142857143,0,5.918421915599278e-05,1.0
low,3,0.5,sarcrp,29,7.033333333333334,7.033333333333334,0,6.144419312477112e-05,1.0
low,3,0.5,sarcrp,30,7.0,7.0,0,6.362469866871834e-05,1.0
low,3,0.5,sarcrp,31,7.0166666666666675,7.0166666666666675,0,0.06875696517527104,1.0
low,3,0.5,sarcrp,32,7.128787878787879,7.128787878787879,0,0.057098187167536125,1.0
low,3,0.5,sarcrp,33,7.0,7.0,0,5.9979657332102455e-05,1.0
low,3,0.5,sarcrp,34,7.011904761904761,7.011904761904761,0,5.820766091346741e-05,1.0
low,3,0.5,sarcrp,35,7.0586419753086425,7.0586419753086425,0,5.8929125467936196e-05,1.0
low,3,0.5,sarcrp,36,7.069444444444444,7.069444444444444,0,0.10545081024368604,1.0
low,3,0.5,sarcrp,37,7.037878787878787,7.037878787878787,0,0.06331829557364638,1.0
low,3,0.5,sarcrp,38,7.0625,7.0625,0,5.9975311160087585e-05,1.0
low,3,0.5,sarcrp,39,7.0,7.0,0,5.774510403474172e-05,1.0
low,3,1.0,static,20,7.055555555555556,7.055555555555556,0,2.2807055049472385e-07,1.0
low,3,1.0,static,21,7.041666666666666,7.041666666666666,0,1.909211277961731e-07,1.0
low,3,1.0,static,22,7.033333333333334,7.033333333333334,0,1.862645149230957e-07,1.0
low,3,1.0,static,23,7.092592592592592,7.092592592592592,0,1.9040372636583117e-07,1.0
low,3,1.0,static,24,7.081018518518519,7.081018518518519,0,1.7912437518437704e-07,1.0
low,3,1.0,static,25,7.010416666666667,7.010416666666667,0,2.100132405757904e-07,1.0
low,3,1.0,static,26,7.080246913580247,7.080246913580247,0,1.970264646742079e-07,1.0
low,3,1.0,static,27,7.0092592592592595,7.0092592592592595,0,2.0364920298258463e-07,1.0
low,3,1.0,static,28,7.017857142857143,7.017857142857143,0,1.8998980522155762e-07,1.0
low,3,1.0,static,29,7.033333333333334,7.033333333333334,0,1.8812716007232666e-07,1.0
low,3,1.0,static,30,7.0,7.0,0,1.9976869225502014e-07,1.0
low,3,1.0,static,31,7.0166666666666675,7.0166666666666675,0,2.0153820514678956e-07,1.0
low,3,1.0,static,32,7.128787878787879,7.128787878787879,0,2.0692294294183905e-07,1.0
low,3,1.0,static,33,7.0,7.0,0,2.2786358992258707e-07,1.0
low,3,1.0,static,34,7.011904761904761,7.011904761904761,0,2.46401344026838e-07,1.0
low,3,1.0,static,35,7.0586419753086425,7.0586419753086425,0,2.1813644303215875e-07,1.0
low,3,1.0,static,36,7.069444444444444,7.069444444444444,0,2.421438694000244e-07,1.0
low,3,1.0,static,37,7.037878787878787,7.037878787878787,0,2.1776015108281915e-07,1.0
low,3,1.0,static,38,7.0625,7.0625,0,2.1141022443771362e-07,1.0
low,3,1.0,static,39,7.0,7.0,0,2.1606683731079102e-07,1.0
low,3,1.0,full_reopt,20,16.259721743368075,7.830896686159845,45,8.903899126582676e-05,0.0
low,3,1.0,full_reopt,21,26.305890414041762,7.641727941176471,75,8.869636803865433e-05,0.0
low,3,1.0,full_reopt,22,13.993959732406278,5.803125,45,8.997693657875061e-05,0.0
low,3,1.0,full_reopt,23,21.78534982235433,6.029048656499636,67,8.363773425420125e-05,0.0
low,3,1.0,full_reopt,24,18.91529416974709,5.923611111111112,77,8.680764585733414e-05,0.0
low,3,1.0,full_reopt,25,8.582469560199174,7.010416666666667,11,8.829822763800621e-05,0.0
low,3,1.0,full_reopt,26,14.972128191772027,4.225694444444445,45,7.630594902568393e-05,0.0
low,3,1.0,full_reopt,27,15.586752294409441,8.00925925925926,40,9.368691179487441e-05,0.0
low,3,1.0,full_reopt,28,20.943807677845808,8.873299319727892,89,9.22655952828271e-05,0.0
low,3,1.0,full_reopt,29,17.120085992821597,7.333823529411765,51,9.384825825691223e-05,0.0
low,3,1.0,full_reopt,30,24.590087918863603,5.75,75,8.545955643057823e-05,0.0
low,3,1.0,full_reopt,31,16.997504443208676,6.218198529411764,63,8.750185370445251e-05,0.0
low,3,1.0,full_reopt,32,21.714298002505664,4.914141414141414,87,8.284503763372248e-05,0.0
low,3,1.0,full_reopt,33,22.094738033886458,7.833333333333333,49,8.983351290225983e-05,0.0
low,3,1.0,full_reopt,34,15.294540909661114,7.869047619047619,29,8.732506207057409e-05,0.0
low,3,1.0,full_reopt,35,19.1331305694485,5.703090958605665,63,8.053994841045803e-05,0.0
low,3,1.0,full_reopt,36,21.217667539041464,7.5667526659786715,43,9.634904563426971e-05,0.0
low,3,1.0,full_reopt,37,29.598612263971177,6.018455228981545,131,8.518384261564775e-05,0.0
low,3,1.0,full_reopt,38,17.336172358395075,5.776220383986928,56,8.609844371676445e-05,0.0
low,3,1.0,full_reopt,39,18.46687275255223,7.666666666666667,41,9.227606157461803e-05,0.0
low,3,1.0,periodic,20,9.65172970543669,7.609649122807018,11,1.1339369747373792e-05,0.8888888888888888
low,3,1.0,periodic,21,12.523151022883393,7.516995614035087,17,1.205597072839737e-05,0.875
low,3,1.0,periodic,22,13.113634444541646,7.302631578947368,28,1.8597766757011414e-05,0.8
low,3,1.0,periodic,23,11.099880408162697,7.070987654320987,14,1.0889437463548449e-05,0.8888888888888888
low,3,1.0,periodic,24,10.8152027984804,5.654411764705881,26,1.4020750919977823e-05,0.8333333333333334
low,3,1.0,periodic,25,7.68255813112242,7.010416666666667,5,1.2181233614683151e-05,0.875
low,3,1.0,periodic,26,9.420035748035518,5.374691358024691,17,9.91134179963006e-06,0.8888888888888888
low,3,1.0,periodic,27,9.467343579025416,8.119444444444445,9,1.192051503393385e-05,0.8888888888888888
low,3,1.0,periodic,28,12.297595262145292,8.800983436853002,27,1.4382547565868922e-05,0.8571428571428571
low,3,1.0,periodic,29,13.578596114386675,7.931666666666667,29,1.9631162285804748e-05,0.8
low,3,1.0,periodic,30,12.76970827392892,7.5,17,1.2506730854511261e-05,0.875
low,3,1.0,periodic,31,10.400730720664972,6.716666666666667,21,1.820884644985199e-05,0.8
low,3,1.0,periodic,32,11.487536385010548,5.603535353535353,30,1.6292726451700386e-05,0.8181818181818182
low,3,1.0,periodic,33,14.378520042701817,7.666666666666667,17,1.714937388896942e-05,0.8333333333333334
low,3,1.0,periodic,34,12.19249393339643,7.869047619047619,15,1.465848514011928e-05,0.8571428571428571
low,3,1.0,periodic,35,9.434753863318388,6.509259259259259,13,1.0558714469273886e-05,0.8888888888888888
low,3,1.0,periodic,36,11.495367787584419,6.7369281045751634,12,1.4941518505414328e-05,0.8333333333333334
low,3,1.0,periodic,37,11.154999953308037,5.1106060606060595,29,1.560117710720409e-05,0.8181818181818182
low,3,1.0,periodic,38,8.415743909066375,6.049479166666666,12,1.1412426829338074e-05,0.875
low,3,1.0,periodic,39,10.983660797229826,7.666666666666667,12,1.7061208685239155e-05,0.8333333333333334
low,3,1.0,event_triggered_no_stability,20,7.055555555555556,7.055555555555556,0,5.952144662539164e-05,1.0
low,3,1.0,event_triggered_no_stability,21,7.041666666666666,7.041666666666666,0,6.233621388673782e-05,1.0
low,3,1.0,event_triggered_no_stability,22,7.033333333333334,7.033333333333334,0,6.12981617450714e-05,1.0
low,3,1.0,event_triggered_no_stability,23,7.092592592592592,7.092592592592592,0,6.197889645894368e-05,1.0
low,3,1.0,event_triggered_no_stability,24,7.081018518518519,7.081018518518519,0,0.05386303551495075,1.0
low,3,1.0,event_triggered_no_stability,25,7.010416666666667,7.010416666666667,0,6.330246105790138e-05,1.0
low,3,1.0,event_triggered_no_stability,26,7.080246913580247,7.080246913580247,0,5.870643589231703e-05,1.0
low,3,1.0,event_triggered_no_stability,27,7.0092592592592595,7.0092592592592595,0,6.187086304028828e-05,1.0
low,3,1.0,event_triggered_no_stability,28,7.017857142857143,7.017857142857143,0,6.390309759548732e-05,1.0
low,3,1.0,event_triggered_no_stability,29,7.033333333333334,7.033333333333334,0,5.803443491458893e-05,1.0
low,3,1.0,event_triggered_no_stability,30,7.0,7.0,0,6.240606307983398e-05,1.0
low,3,1.0,event_triggered_no_stability,31,7.0166666666666675,7.0166666666666675,0,0.06950499974191189,1.0
low,3,1.0,event_triggered_no_stability,32,7.128787878787879,7.128787878787879,0,0.05708283219825138,1.0
low,3,1.0,event_triggered_no_stability,33,7.0,7.0,0,6.395205855369568e-05,1.0
low,3,1.0,event_triggered_no_stability,34,7.011904761904761,7.011904761904761,0,6.19728650365557e-05,1.0
low,3,1.0,event_triggered_no_stability,35,7.0586419753086425,7.0586419753086425,0,6.3975238137775e-05,1.0
low,3,1.0,event_triggered_no_stability,36,7.069444444444444,7.069444444444444,0,0.10639253817498684,1.0
low,3,1.0,event_triggered_no_stability,37,7.037878787878787,7.037878787878787,0,0.06310939721085808,1.0
low,3,1.0,event_triggered_no_stability,38,7.0625,7.0625,0,6.534392014145851e-05,1.0
low,3,1.0,event_triggered_no_stability,39,7.0,7.0,0,6.175041198730469e-05,1.0
low,3,1.0,mpc,20,1000021.7110162692,1000011.8896940419,60,8.981550733248393e-05,0.0
low,3,1.0,mpc,21,1000029.7098482151,1000011.6648863637,88,9.300000965595245e-05,0.0
low,3,1.0,mpc,22,1000017.7879939206,1000009.8142857142,50,8.761696517467499e-05,0.0
low,3,1.0,mpc,23,1000024.729096483,1000010.0724637682,75,8.426192733976577e-05,0.0
low,3,1.0,mpc,24,1000022.6815495264,1000009.9496870883,94,8.785072714090347e-05,0.0
low,3,1.0,mpc,25,1000016.2125193347,1000011.0217391304,28,9.202957153320312e-05,0.0
low,3,1.0,mpc,26,1000015.9822807626,1000008.2527151211,43,7.938593626022339e-05,0.0
low,3,1.0,mpc,27,1000020.6080077578,1000012.0193236715,50,9.204157524638706e-05,0.0
low,3,1.0,mpc,28,1000024.264582669,1000012.8915432394,101,9.243961955819811e-05,0.0
low,3,1.0,mpc,29,1000020.4871904736,1000011.3703557312,61,9.462870657444e-05,0.0
low,3,1.0,mpc,30,1000023.7229542747,1000009.75,73,8.869683369994164e-05,0.0
low,3,1.0,mpc,31,1000020.9426703596,1000010.2372294372,74,8.465684950351716e-05,0.0
low,3,1.0,mpc,32,1000022.9583954645,1000008.9549005013,94,8.273598822680387e-05,0.0
low,3,1.0,mpc,33,1000027.3458569987,1000011.8333333334,61,8.989373842875163e-05,0.0
low,3,1.0,mpc,34,1000020.9955492042,1000011.8819875775,40,8.997959750039237e-05,0.0
low,3,1.0,mpc,35,1000023.6480596355,1000009.7458748979,80,8.302181959152222e-05,0.0
low,3,1.0,mpc,36,1000024.9513516893,1000011.6403996487,49,9.401701390743256e-05,0.0
low,3,1.0,mpc,37,1000030.7843814034,1000010.0451555022,141,8.512254465710033e-05,0.0
low,3,1.0,mpc,38,1000022.5177508465,1000009.8128411443,71,9.045470505952835e-05,0.0
low,3,1.0,mpc,39,1000024.9940921223,1000011.6666666666,56,9.213884671529134e-05,0.0
low,3,1.0,sarcrp,20,7.055555555555556,7.055555555555556,0,5.916506052017212e-05,1.0
low,3,1.0,sarcrp,21,7.041666666666666,7.041666666666666,0,6.0793012380599976e-05,1.0
low,3,1.0,sarcrp,22,7.033333333333334,7.033333333333334,0,5.62526285648346e-05,1.0
low,3,1.0,sarcrp,23,7.092592592592592,7.092592592592592,0,6.109517481591966e-05,1.0
low,3,1.0,sarcrp,24,7.081018518518519,7.081018518518519,0,0.053448258278270565,1.0
low,3,1.0,sarcrp,25,7.010416666666667,7.010416666666667,0,5.902117118239403e-05,1.0
low,3,1.0,sarcrp,26,7.080246913580247,7.080246913580247,0,5.815964606073168e-05,1.0
low,3,1.0,sarcrp,27,7.0092592592592595,7.0092592592592595,0,5.9308691157235037e-05,1.0
low,3,1.0,sarcrp,28,7.017857142857143,7.017857142857143,0,5.642218249184745e-05,1.0
low,3,1.0,sarcrp,29,7.033333333333334,7.033333333333334,0,5.742833018302917e-05,1.0
low,3,1.0,sarcrp,30,7.0,7.0,0,5.800975486636162e-05,1.0
low,3,1.0,sarcrp,31,7.0166666666666675,7.0166666666666675,0,0.06245433613657951,1.0
low,3,1.0,sarcrp,32,7.128787878787879,7.128787878787879,0,0.06283657557585022,1.0
low,3,1.0,sarcrp,33,7.0,7.0,0,6.000325083732605e-05,1.0
low,3,1.0,sarcrp,34,7.011904761904761,7.011904761904761,0,5.7894736528396606e-05,1.0
low,3,1.0,sarcrp,35,7.0586419753086425,7.0586419753086425,0,5.8522240983115305e-05,1.0
low,3,1.0,sarcrp,36,7.069444444444444,7.069444444444444,0,0.10507596842944622,1.0
low,3,1.0,sarcrp,37,7.037878787878787,7.037878787878787,0,0.058021220632574776,1.0
low,3,1.0,sarcrp,38,7.0625,7.0625,0,5.988962948322296e-05,1.0
low,3,1.0,sarcrp,39,7.0,7.0,0,6.3056747118632e-05,1.0
low,5,0.0,static,20,7.055555555555556,7.055555555555556,0,2.723601129319933e-07,1.0
low,5,0.0,static,21,7.041666666666666,7.041666666666666,0,1.909211277961731e-07,1.0
low,5,0.0,static,22,7.033333333333334,7.033333333333334,0,1.9073486328125e-07,1.0
low,5,0.0,static,23,7.092592592592592,7.092592592592592,0,1.999239126841227e-07,1.0
low,5,0.0,static,24,7.081018518518519,7.081018518518519,0,2.0209699869155884e-07,1.0
low,5,0.0,static,25,7.010416666666667,7.010416666666667,0,2.0908191800117493e-07,1.0
low,5,0.0,static,26,7.080246913580247,7.080246913580247,0,2.0447704527113172e-07,1.0
low,5,0.0,static,27,7.0092592592592595,7.0092592592592595,0,2.1192762586805554e-07,1.0
low,5,0.0,static,28,7.017857142857143,7.017857142857143,0,2.0435878208705356e-07,1.0
low,5,0.0,static,29,7.033333333333334,7.033333333333334,0,2.0712614059448243e-07,1.0
low,5,0.0,static,30,7.0,7.0,0,2.277083694934845e-07,1.0
low,5,0.0,static,31,7.0166666666666675,7.0166666666666675,0,2.0414590835571288e-07,1.0
low,5,0.0,static,32,7.128787878787879,7.128787878787879,0,2.0116567611694336e-07,1.0
low,5,0.0,static,33,7.0,7.0,0,2.0178655783335367e-07,1.0
low,5,0.0,static,34,7.011904761904761,7.011904761904761,0,2.0489096641540527e-07,1.0
low,5,0.0,static,35,7.0586419753086425,7.0586419753086425,0,2.1979212760925293e-07,1.0
low,5,0.0,static,36,7.069444444444444,7.069444444444444,0,2.2103389104207358e-07,1.0
low,5,0.0,static,37,7.037878787878787,7.037878787878787,0,1.8965114246715198e-07,1.0
low,5,0.0,static,38,7.0625,7.0625,0,2.2258609533309937e-07,1.0
low,5,0.0,static,39,7.0,7.0,0,2.253800630569458e-07,1.0
low,5,0.0,full_reopt,20,16.259721743368075,7.830896686159845,45,8.785600463549297e-05,0.0
low,5,0.0,full_reopt,21,26.305890414041762,7.641727941176471,75,9.13003459572792e-05,0.0
low,5,0.0,full_reopt,22,13.993959732406278,5.803125,45,8.73565673828125e-05,0.0
low,5,0.0,full_reopt,23,21.78534982235433,6.029048656499636,67,8.081230852339003e-05,0.0
low,5,0.0,full_reopt,24,18.91529416974709,5.923611111111112,77,8.199550211429596e-05,0.0
low,5,0.0,full_reopt,25,8.582469560199174,7.010416666666667,11,8.293893188238144e-05,0.0
low,5,0.0,full_reopt,26,14.972128191772027,4.225694444444445,45,7.522023386425442e-05,0.0
low,5,0.0,full_reopt,27,15.586752294409441,8.00925925925926,40,8.600081006685893e-05,0.0
low,5,0.0,full_reopt,28,20.943807677845808,8.873299319727892,89,9.000327970300402e-05,0.0
low,5,0.0,full_reopt,29,17.120085992821597,7.333823529411765,51,9.239204227924347e-05,0.0
low,5,0.0,full_reopt,30,24.590087918863603,5.75,75,7.995450869202614e-05,0.0
low,5,0.0,full_reopt,31,16.997504443208676,6.218198529411764,63,8.033327758312225e-05,0.0
low,5,0.0,full_reopt,32,21.714298002505664,4.914141414141414,87,7.770142771980979e-05,0.0
low,5,0.0,full_reopt,33,22.094738033886458,7.833333333333333,49,8.660368621349335e-05,0.0
low,5,0.0,full_reopt,34,15.294540909661114,7.869047619047619,29,8.616649678775243e-05,0.0
low,5,0.0,full_reopt,35,19.1331305694485,5.703090958605665,63,7.9234027200275e-05,0.0
low,5,0.0,full_reopt,36,21.217667539041464,7.5667526659786715,43,9.079774220784505e-05,0.0
low,5,0.0,full_reopt,37,29.598612263971177,6.018455228981545,131,8.583780039440502e-05,0.0
low,5,0.0,full_reopt,38,17.336172358395075,5.776220383986928,56,9.069498628377914e-05,0.0
low,5,0.0,full_reopt,39,18.46687275255223,7.666666666666667,41,8.862776060899098e-05,0.0
low,5,0.0,periodic,20,9.65172970543669,7.609649122807018,11,1.0643154382705688e-05,0.8888888888888888
low,5,0.0,periodic,21,12.523151022883393,7.516995614035087,17,1.1898111552000046e-05,0.875
low,5,0.0,periodic,22,13.113634444541646,7.302631578947368,28,1.7489492893218995e-05,0.8
low,5,0.0,periodic,23,11.099880408162697,7.070987654320987,14,1.0630736748377482e-05,0.8888888888888888
low,5,0.0,periodic,24,10.8152027984804,5.654411764705881,26,1.4123817284901937e-05,0.8333333333333334
low,5,0.0,periodic,25,7.68255813112242,7.010416666666667,5,1.1572148650884628e-05,0.875
low,5,0.0,periodic,26,9.420035748035518,5.374691358024691,17,9.720938073264228e-06,0.8888888888888888
low,5,0.0,periodic,27,9.467343579025416,8.119444444444445,9,1.1207742823494806e-05,0.8888888888888888
low,5,0.0,periodic,28,12.297595262145292,8.800983436853002,27,1.4130824378558568e-05,0.8571428571428571
low,5,0.0,periodic,29,13.578596114386675,7.931666666666667,29,1.8463283777236938e-05,0.8
low,5,0.0,periodic,30,12.76970827392892,7.5,17,1.2492295354604721e-05,0.875
low,5,0.0,periodic,31,10.400730720664972,6.716666666666667,21,1.8070265650749206e-05,0.8
low,5,0.0,periodic,32,11.487536385010548,5.603535353535353,30,1.6180290417237714e-05,0.8181818181818182
low,5,0.0,periodic,33,14.378520042701817,7.666666666666667,17,1.6225501894950867e-05,0.8333333333333334
low,5,0.0,periodic,34,12.19249393339643,7.869047619047619,15,1.3671815395355225e-05,0.8571428571428571
low,5,0.0,periodic,35,9.434753863318388,6.509259259259259,13,9.904719061321683e-06,0.8888888888888888
low,5,0.0,periodic,36,11.495367787584419,6.7369281045751634,12,1.492910087108612e-05,0.8333333333333334
low,5,0.0,periodic,37,11.154999953308037,5.1106060606060595,29,1.5724789012562145e-05,0.8181818181818182
low,5,0.0,periodic,38,8.415743909066375,6.049479166666666,12,1.1317431926727295e-05,0.875
low,5,0.0,periodic,39,10.983660797229826,7.666666666666667,12,1.599763830502828e-05,0.8333333333333334
low,5,0.0,event_triggered_no_stability,20,7.055555555555556,7.055555555555556,0,6.47231936454773e-05,1.0
low,5,0.0,event_triggered_no_stability,21,7.041666666666666,7.041666666666666,0,6.17210753262043e-05,1.0
low,5,0.0,event_triggered_no_stability,22,7.033333333333334,7.033333333333334,0,5.732178688049317e-05,1.0
low,5,0.0,event_triggered_no_stability,23,7.092592592592592,7.092592592592592,0,6.214405099550883e-05,1.0
low,5,0.0,event_triggered_no_stability,24,7.081018518518519,7.081018518518519,0,0.05926392382631699,1.0
low,5,0.0,event_triggered_no_stability,25,7.010416666666667,7.010416666666667,0,6.491085514426231e-05,1.0
low,5,0.0,event_triggered_no_stability,26,7.080246913580247,7.080246913580247,0,6.0558319091796875e-05,1.0
low,5,0.0,event_triggered_no_stability,27,7.0092592592592595,7.0092592592592595,0,5.776062607765198e-05,1.0
low,5,0.0,event_triggered_no_stability,28,7.017857142857143,7.017857142857143,0,6.143003702163696e-05,1.0
low,5,0.0,event_triggered_no_stability,29,7.033333333333334,7.033333333333334,0,5.9378519654273984e-05,1.0
low,5,0.0,event_triggered_no_stability,30,7.0,7.0,0,6.243400275707245e-05,1.0
low,5,0.0,event_triggered_no_stability,31,7.0166666666666675,7.0166666666666675,0,0.06329161264002323,1.0
low,5,0.0,event_triggered_no_stability,32,7.128787878787879,7.128787878787879,0,0.0625553076917475,1.0
low,5,0.0,event_triggered_no_stability,33,7.0,7.0,0,6.372916201750438e-05,1.0
low,5,0.0,event_triggered_no_stability,34,7.011904761904761,7.011904761904761,0,6.242841482162476e-05,1.0
low,5,0.0,event_triggered_no_stability,35,7.0586419753086425,7.0586419753086425,0,5.914519230524699e-05,1.0
low,5,0.0,event_triggered_no_stability,36,7.069444444444444,7.069444444444444,0,0.10705284712215264,1.0
low,5,0.0,event_triggered_no_stability,37,7.037878787878787,7.037878787878787,0,0.057714037258516655,1.0
low,5,0.0,event_triggered_no_stability,38,7.0625,7.0625,0,6.049545481801033e-05,1.0
low,5,0.0,event_triggered_no_stability,39,7.0,7.0,0,5.8072308699289955e-05,1.0
low,5,0.0,mpc,20,1000021.7110162692,1000011.8896940419,60,9.134370419714187e-05,0.0
low,5,0.0,mpc,21,1000029.7098482151,1000011.6648863637,88,9.012548252940178e-05,0.0
low,5,0.0,mpc,22,1000017.7879939206,1000009.8142857142,50,8.49153846502304e-05,0.0
low,5,0.0,mpc,23,1000024.729096483,1000010.0724637682,75,9.410869744088914e-05,0.0
low,5,0.0,mpc,24,1000022.6815495264,1000009.9496870883,94,9.0313454469045e-05,0.0
low,5,0.0,mpc,25,1000016.2125193347,1000011.0217391304,28,9.620608761906624e-05,0.0
low,5,0.0,mpc,26,1000015.9822807626,1000008.2527151211,43,8.583151631885105e-05,0.0
low,5,0.0,mpc,27,1000020.6080077578,1000012.0193236715,50,9.642003311051262e-05,0.0
low,5,0.0,mpc,28,1000024.264582669,1000012.8915432394,101,9.828114083835057e-05,0.0
low,5,0.0,mpc,29,1000020.4871904736,1000011.3703557312,61,8.822940289974213e-05,0.0
low,5,0.0,mpc,30,1000023.7229542747,1000009.75,73,8.79424624145031e-05,0.0
low,5,0.0,mpc,31,1000020.9426703596,1000010.2372294372,74,9.064860641956329e-05,0.0
low,5,0.0,mpc,32,1000022.9583954645,1000008.9549005013,94,8.178942582824014e-05,0.0
low,5,0.0,mpc,33,1000027.3458569987,1000011.8333333334,61,9.633538623650868e-05,0.0
low,5,0.0,mpc,34,1000020.9955492042,1000011.8819875775,40,9.595496313912528e-05,0.0
low,5,0.0,mpc,35,1000023.6480596355,1000009.7458748979,80,8.523753947681851e-05,0.0
low,5,0.0,mpc,36,1000024.9513516893,1000011.6403996487,49,9.407599767049153e-05,0.0
low,5,0.0,mpc,37,1000030.7843814034,1000010.0451555022,141,8.400868285786022e-05,0.0
low,5,0.0,mpc,38,1000022.5177508465,1000009.8128411443,71,8.452264592051506e-05,0.0
low,5,0.0,mpc,39,1000024.9940921223,1000011.6666666666,56,9.243252376715343e-05,0.0
low,5,0.0,sarcrp,20,7.055555555555556,7.055555555555556,0,6.170198321342468e-05,1.0
low,5,0.0,sarcrp,21,7.041666666666666,7.041666666666666,0,5.9921760112047195e-05,1.0
low,5,0.0,sarcrp,22,7.033333333333334,7.033333333333334,0,5.629807710647583e-05,1.0
low,5,0.0,sarcrp,23,7.092592592592592,7.092592592592592,0,5.7653006580140856e-05,1.0
low,5,0.0,sarcrp,24,7.081018518518519,7.081018518518519,0,0.05894998709360758,1.0
low,5,0.0,sarcrp,25,7.010416666666667,7.010416666666667,0,6.365543231368065e-05,1.0
low,5,0.0,sarcrp,26,7.080246913580247,7.080246913580247,0,6.222393777635362e-05,1.0
low,5,0.0,sarcrp,27,7.0092592592592595,7.0092592592592595,0,6.16908073425293e-05,1.0
low,5,0.0,sarcrp,28,7.017857142857143,7.017857142857143,0,6.111817700522286e-05,1.0
low,5,0.0,sarcrp,29,7.033333333333334,7.033333333333334,0,6.175003945827485e-05,1.0
low,5,0.0,sarcrp,30,7.0,7.0,0,5.996040999889374e-05,1.0
low,5,0.0,sarcrp,31,7.0166666666666675,7.0166666666666675,0,0.06333251781761647,1.0
low,5,0.0,sarcrp,32,7.128787878787879,7.128787878787879,0,0.057509034872055054,1.0
low,5,0.0,sarcrp,33,7.0,7.0,0,6.452140708764394e-05,1.0
low,5,0.0,sarcrp,34,7.011904761904761,7.011904761904761,0,6.0884015900748114e-05,1.0
low,5,0.0,sarcrp,35,7.0586419753086425,7.0586419753086425,0,6.130999988979763e-05,1.0
low,5,0.0,sarcrp,36,7.069444444444444,7.069444444444444,0,0.11733385051290195,1.0
low,5,0.0,sarcrp,37,7.037878787878787,7.037878787878787,0,0.058032785965637726,1.0
low,5,0.0,sarcrp,38,7.0625,7.0625,0,6.379745900630951e-05,1.0
low,5,0.0,sarcrp,39,7.0,7.0,0,5.766376852989197e-05,1.0
low,5,0.5,static,20,7.055555555555556,7.055555555555556,0,2.2889839278327094e-07,1.0
low,5,0.5,static,21,7.041666666666666,7.041666666666666,0,1.9790604710578918e-07,1.0
low,5,0.5,static,22,7.033333333333334,7.033333333333334,0,1.9371509552001953e-07,1.0
low,5,0.5,static,23,7.092592592592592,7.092592592592592,0,2.1565291616651746e-07,1.0
low,5,0.5,static,24,7.081018518518519,7.081018518518519,0,2.0675361156463623e-07,1.0
low,5,0.5,static,25,7.010416666666667,7.010416666666667,0,2.100132405757904e-07,1.0
low,5,0.5,static,26,7.080246913580247,7.080246913580247,0,1.8502275149027506e-07,1.0
low,5,0.5,static,27,7.0092592592592595,7.0092592592592595,0,1.8998980522155762e-07,1.0
low,5,0.5,static,28,7.017857142857143,7.017857142857143,0,1.830714089529855e-07,1.0
low,5,0.5,static,29,7.033333333333334,7.033333333333334,0,2.0153820514678956e-07,1.0
low,5,0.5,static,30,7.0,7.0,0,2.1141022443771362e-07,1.0
low,5,0.5,static,31,7.0166666666666675,7.0166666666666675,0,2.1606683731079102e-07,1.0
low,5,0.5,static,32,7.128787878787879,7.128787878787879,0,1.9134445623918014e-07,1.0
low,5,0.5,static,33,7.0,7.0,0,2.1668771902720133e-07,1.0
low,5,0.5,static,34,7.011904761904761,7.011904761904761,0,1.9105417387826102e-07,1.0
low,5,0.5,static,35,7.0586419753086425,7.0586419753086425,0,1.961986223856608e-07,1.0
low,5,0.5,static,36,7.069444444444444,7.069444444444444,0,2.129624287287394e-07,1.0
low,5,0.5,static,37,7.037878787878787,7.037878787878787,0,1.981177113272927e-07,1.0
low,5,0.5,static,38,7.0625,7.0625,0,1.9185245037078857e-07,1.0
low,5,0.5,static,39,7.0,7.0,0,1.986821492513021e-07,1.0
low,5,0.5,full_reopt,20,16.259721743368075,7.830896686159845,45,8.749340971310933e-05,0.0
low,5,0.5,full_reopt,21,26.305890414041762,7.641727941176471,75,8.624512702226639e-05,0.0
low,5,0.5,full_reopt,22,13.993959732406278,5.803125,45,8.072257041931152e-05,0.0
low,5,0.5,full_reopt,23,21.78534982235433,6.029048656499636,67,8.106066120995415e-05,0.0
low,5,0.5,full_reopt,24,18.91529416974709,5.923611111111112,77,8.550845086574554e-05,0.0
low,5,0.5,full_reopt,25,8.582469560199174,7.010416666666667,11,8.770124986767769e-05,0.0
low,5,0.5,full_reopt,26,14.972128191772027,4.225694444444445,45,8.342704839176602e-05,0.0
low,5,0.5,full_reopt,27,15.586752294409441,8.00925925925926,40,9.040534496307373e-05,0.0
low,5,0.5,full_reopt,28,20.943807677845808,8.873299319727892,89,9.080288665635245e-05,0.0
low,5,0.5,full_reopt,29,17.120085992821597,7.333823529411765,51,9.205788373947143e-05,0.0
low,5,0.5,full_reopt,30,24.590087918863603,5.75,75,8.54339450597763e-05,0.0
low,5,0.5,full_reopt,31,16.997504443208676,6.218198529411764,63,8.558146655559539e-05,0.0
low,5,0.5,full_reopt,32,21.714298002505664,4.914141414141414,87,7.892400026321411e-05,0.0
low,5,0.5,full_reopt,33,22.094738033886458,7.833333333333333,49,8.69973252216975e-05,0.0
low,5,0.5,full_reopt,34,15.294540909661114,7.869047619047619,29,8.606804268700736e-05,0.0
low,5,0.5,full_reopt,35,19.1331305694485,5.703090958605665,63,8.036196231842041e-05,0.0
low,5,0.5,full_reopt,36,21.217667539041464,7.5667526659786715,43,8.61678272485733e-05,0.0
low,5,0.5,full_reopt,37,29.598612263971177,6.018455228981545,131,8.109686049548063e-05,0.0
low,5,0.5,full_reopt,38,17.336172358395075,5.776220383986928,56,8.515547960996628e-05,0.0
low,5,0.5,full_reopt,39,18.46687275255223,7.666666666666667,41,9.7208966811498e-05,0.0
low,5,0.5,periodic,20,9.65172970543669,7.609649122807018,11,1.126900315284729e-05,0.8888888888888888
low,5,0.5,periodic,21,12.523151022883393,7.516995614035087,17,1.1806841939687729e-05,0.875
low,5,0.5,periodic,22,13.113634444541646,7.302631578947368,28,1.7834454774856566e-05,0.8
low,5,0.5,periodic,23,11.099880408162697,7.070987654320987,14,1.025117105907864e-05,0.8888888888888888
low,5,0.5,periodic,24,10.8152027984804,5.654411764705881,26,1.4876325925191244e-05,0.8333333333333334
low,5,0.5,periodic,25,7.68255813112242,7.010416666666667,5,1.3375189155340195e-05,0.875
low,5,0.5,periodic,26,9.420035748035518,5.374691358024691,17,9.297082821528116e-06,0.8888888888888888
low,5,0.5,periodic,27,9.467343579025416,8.119444444444445,9,1.0753671328226725e-05,0.8888888888888888
low,5,0.5,periodic,28,12.297595262145292,8.800983436853002,27,1.394988170691899e-05,0.8571428571428571
low,5,0.5,periodic,29,13.578596114386675,7.931666666666667,29,1.8701329827308656e-05,0.8
low,5,0.5,periodic,30,12.76970827392892,7.5,17,1.2023374438285828e-05,0.875
low,5,0.5,periodic,31,10.400730720664972,6.716666666666667,21,1.7359480261802672e-05,0.8
low,5,0.5,periodic,32,11.487536385010548,5.603535353535353,30,1.7409636215730146e-05,0.8181818181818182
low,5,0.5,periodic,33,14.378520042701817,7.666666666666667,17,1.716117064158122e-05,0.8333333333333334
low,5,0.5,periodic,34,12.19249393339643,7.869047619047619,15,1.4622296605791365e-05,0.8571428571428571
low,5,0.5,periodic,35,9.434753863318388,6.509259259259259,13,1.0057042042414347e-05,0.8888888888888888
low,5,0.5,periodic,36,11.495367787584419,6.7369281045751634,12,1.4992430806159973e-05,0.8333333333333334
low,5,0.5,periodic,37,11.154999953308037,5.1106060606060595,29,1.8155032938176934e-05,0.8181818181818182
low,5,0.5,periodic,38,8.415743909066375,6.049479166666666,12,1.1285766959190369e-05,0.875
low,5,0.5,periodic,39,10.983660797229826,7.666666666666667,12,1.7000362277030945e-05,0.8333333333333334
low,5,0.5,event_triggered_no_stability,20,7.055555555555556,7.055555555555556,0,5.949040253957113e-05,1.0
low,5,0.5,event_triggered_no_stability,21,7.041666666666666,7.041666666666666,0,6.331317126750946e-05,1.0
low,5,0.5,event_triggered_no_stability,22,7.033333333333334,7.033333333333334,0,6.445087492465973e-05,1.0
low,5,0.5,event_triggered_no_stability,23,7.092592592592592,7.092592592592592,0,6.19913140932719e-05,1.0
low,5,0.5,event_triggered_no_stability,24,7.081018518518519,7.081018518518519,0,0.058388007494310536,1.0
low,5,0.5,event_triggered_no_stability,25,7.010416666666667,7.010416666666667,0,6.046518683433533e-05,1.0
low,5,0.5,event_triggered_no_stability,26,7.080246913580247,7.080246913580247,0,6.011335386170281e-05,1.0
low,5,0.5,event_triggered_no_stability,27,7.0092592592592595,7.0092592592592595,0,6.356504228379991e-05,1.0
low,5,0.5,event_triggered_no_stability,28,7.017857142857143,7.017857142857143,0,6.03949385029929e-05,1.0
low,5,0.5,event_triggered_no_stability,29,7.033333333333334,7.033333333333334,0,5.899965763092041e-05,1.0
low,5,0.5,event_triggered_no_stability,30,7.0,7.0,0,6.147008389234543e-05,1.0
low,5,0.5,event_triggered_no_stability,31,7.0166666666666675,7.0166666666666675,0,0.06315284706652165,1.0
low,5,0.5,event_triggered_no_stability,32,7.128787878787879,7.128787878787879,0,0.05731292441487312,1.0
low,5,0.5,event_triggered_no_stability,33,7.0,7.0,0,6.585816542307536e-05,1.0
low,5,0.5,event_triggered_no_stability,34,7.011904761904761,7.011904761904761,0,6.367106522832598e-05,1.0
low,5,0.5,event_triggered_no_stability,35,7.0586419753086425,7.0586419753086425,0,6.250333454873826e-05,1.0
low,5,0.5,event_triggered_no_stability,36,7.069444444444444,7.069444444444444,0,0.1167773778239886,1.0
low,5,0.5,event_triggered_no_stability,37,7.037878787878787,7.037878787878787,0,0.05822311849756674,1.0
low,5,0.5,event_triggered_no_stability,38,7.0625,7.0625,0,6.51869922876358e-05,1.0
low,5,0.5,event_triggered_no_stability,39,7.0,7.0,0,6.150516370932262e-05,1.0
low,5,0.5,mpc,20,1000021.7110162692,1000011.8896940419,60,9.159371256828308e-05,0.0
low,5,0.5,mpc,21,1000029.7098482151,1000011.6648863637,88,9.365566074848175e-05,0.0
low,5,0.5,mpc,22,1000017.7879939206,1000009.8142857142,50,8.462853729724884e-05,0.0
low,5,0.5,mpc,23,1000024.729096483,1000010.0724637682,75,8.554880817731221e-05,0.0
low,5,0.5,mpc,24,1000022.6815495264,1000009.9496870883,94,8.544605225324631e-05,0.0
low,5,0.5,mpc,25,1000016.2125193347,1000011.0217391304,28,9.570503607392311e-05,0.0
low,5,0.5,mpc,26,1000015.9822807626,1000008.2527151211,43,8.73626106315189e-05,0.0
low,5,0.5,mpc,27,1000020.6080077578,1000012.0193236715,50,9.720731112692092e-05,0.0
low,5,0.5,mpc,28,1000024.264582669,1000012.8915432394,101,0.00010084201182637895,0.0
low,5,0.5,mpc,29,1000020.4871904736,1000011.3703557312,61,9.601488709449768e-05,0.0
low,5,0.5,mpc,30,1000023.7229542747,1000009.75,73,8.887797594070435e-05,0.0
low,5,0.5,mpc,31,1000020.9426703596,1000010.2372294372,74,8.986108005046845e-05,0.0
low,5,0.5,mpc,32,1000022.9583954645,1000008.9549005013,94,8.490004322745584e-05,0.0
low,5,0.5,mpc,33,1000027.3458569987,1000011.8333333334,61,9.445349375406901e-05,0.0
low,5,0.5,mpc,34,1000020.9955492042,1000011.8819875775,40,9.03947012765067e-05,0.0
low,5,0.5,mpc,35,1000023.6480596355,1000009.7458748979,80,8.93167323536343e-05,0.0
low,5,0.5,mpc,36,1000024.9513516893,1000011.6403996487,49,9.02830312649409e-05,0.0
low,5,0.5,mpc,37,1000030.7843814034,1000010.0451555022,141,8.83337448943745e-05,0.0
low,5,0.5,mpc,38,1000022.5177508465,1000009.8128411443,71,8.546514436602592e-05,0.0
low,5,0.5,mpc,39,1000024.9940921223,1000011.6666666666,56,8.855263392130534e-05,0.0
low,5,0.5,sarcrp,20,7.055555555555556,7.055555555555556,0,6.024787823359171e-05,1.0
low,5,0.5,sarcrp,21,7.041666666666666,7.041666666666666,0,6.039254367351532e-05,1.0
low,5,0.5,sarcrp,22,7.033333333333334,7.033333333333334,0,5.6616216897964475e-05,1.0
low,5,0.5,sarcrp,23,7.092592592592592,7.092592592592592,0,6.363044182459514e-05,1.0
low,5,0.5,sarcrp,24,7.081018518518519,7.081018518518519,0,0.05383062952508529,1.0
low,5,0.5,sarcrp,25,7.010416666666667,7.010416666666667,0,5.9056561440229416e-05,1.0
low,5,0.5,sarcrp,26,7.080246913580247,7.080246913580247,0,5.803464187516106e-05,1.0
low,5,0.5,sarcrp,27,7.0092592592592595,7.0092592592592595,0,5.6973761982387965e-05,1.0
low,5,0.5,sarcrp,28,7.017857142857143,7.017857142857143,0,5.638253475938525e-05,1.0
low,5,0.5,sarcrp,29,7.033333333333334,7.033333333333334,0,6.134063005447388e-05,1.0
low,5,0.5,sarcrp,30,7.0,7.0,0,6.467988714575768e-05,1.0
low,5,0.5,sarcrp,31,7.0166666666666675,7.0166666666666675,0,0.06858038678765296,1.0
low,5,0.5,sarcrp,32,7.128787878787879,7.128787878787879,0,0.057624657384373924,1.0
low,5,0.5,sarcrp,33,7.0,7.0,0,6.604629258314769e-05,1.0
low,5,0.5,sarcrp,34,7.011904761904761,7.011904761904761,0,6.267321961266654e-05,1.0
low,5,0.5,sarcrp,35,7.0586419753086425,7.0586419753086425,0,6.445497274398804e-05,1.0
low,5,0.5,sarcrp,36,7.069444444444444,7.069444444444444,0,0.11563797481358051,1.0
low,5,0.5,sarcrp,37,7.037878787878787,7.037878787878787,0,0.05761611935767261,1.0
low,5,0.5,sarcrp,38,7.0625,7.0625,0,6.177462637424469e-05,1.0
low,5,0.5,sarcrp,39,7.0,7.0,0,5.717078844706217e-05,1.0
low,5,1.0,static,20,7.055555555555556,7.055555555555556,0,2.2765662935045032e-07,1.0
low,5,1.0,static,21,7.041666666666666,7.041666666666666,0,2.0954757928848267e-07,1.0
low,5,1.0,static,22,7.033333333333334,7.033333333333334,0,1.7583370208740235e-07,1.0
low,5,1.0,static,23,7.092592592592592,7.092592592592592,0,2.1358331044514975e-07,1.0
low,5,1.0,static,24,7.081018518518519,7.081018518518519,0,1.9030024607976279e-07,1.0
low,5,1.0,static,25,7.010416666666667,7.010416666666667,0,1.8579885363578796e-07,1.0
low,5,1.0,static,26,7.080246913580247,7.080246913580247,0,1.825392246246338e-07,1.0
low,5,1.0,static,27,7.0092592592592595,7.0092592592592595,0,1.9330117437574597e-07,1.0
low,5,1.0,static,28,7.017857142857143,7.017857142857143,0,1.6763806343078613e-07,1.0
low,5,1.0,static,29,7.033333333333334,7.033333333333334,0,1.8477439880371094e-07,1.0
low,5,1.0,static,30,7.0,7.0,0,1.8673017621040344e-07,1.0
low,5,1.0,static,31,7.0166666666666675,7.0166666666666675,0,1.866370439529419e-07,1.0
low,5,1.0,static,32,7.128787878787879,7.128787878787879,0,1.7474998127330432e-07,1.0
low,5,1.0,static,33,7.0,7.0,0,2.284844716389974e-07,1.0
low,5,1.0,static,34,7.011904761904761,7.011904761904761,0,2.091484410422189e-07,1.0
low,5,1.0,static,35,7.0586419753086425,7.0586419753086425,0,2.11513704723782e-07,1.0
low,5,1.0,static,36,7.069444444444444,7.069444444444444,0,2.117206652959188e-07,1.0
low,5,1.0,static,37,7.037878787878787,7.037878787878787,0,1.967630603096702e-07,1.0
low,5,1.0,static,38,7.0625,7.0625,0,1.9744038581848145e-07,1.0
low,5,1.0,static,39,7.0,7.0,0,2.0613272984822592e-07,1.0
low,5,1.0,full_reopt,20,16.259721743368075,7.830896686159845,45,9.346132477124532e-05,0.0
low,5,1.0,full_reopt,21,26.305890414041762,7.641727941176471,75,8.549680933356285e-05,0.0
low,5,1.0,full_reopt,22,13.993959732406278,5.803125,45,8.115768432617187e-05,0.0
low,5,1.0,full_reopt,23,21.78534982235433,6.029048656499636,67,8.488198121388753e-05,0.0
low,5,1.0,full_reopt,24,18.91529416974709,5.923611111111112,77,7.968489080667496e-05,0.0
low,5,1.0,full_reopt,25,8.582469560199174,7.010416666666667,11,8.55722464621067e-05,0.0
low,5,1.0,full_reopt,26,14.972128191772027,4.225694444444445,45,8.082431223657396e-05,0.0
low,5,1.0,full_reopt,27,15.586752294409441,8.00925925925926,40,8.620238966412014e-05,0.0
low,5,1.0,full_reopt,28,20.943807677845808,8.873299319727892,89,9.392973567758287e-05,0.0
low,5,1.0,full_reopt,29,17.120085992821597,7.333823529411765,51,8.484311401844025e-05,0.0
low,5,1.0,full_reopt,30,24.590087918863603,5.75,75,8.5445586591959e-05,0.0
low,5,1.0,full_reopt,31,16.997504443208676,6.218198529411764,63,8.478760719299316e-05,0.0
low,5,1.0,full_reopt,32,21.714298002505664,4.914141414141414,87,8.562410419637507e-05,0.0
low,5,1.0,full_reopt,33,22.094738033886458,7.833333333333333,49,8.621315161387126e-05,0.0
low,5,1.0,full_reopt,34,15.294540909661114,7.869047619047619,29,8.716753550938197e-05,0.0
low,5,1.0,full_reopt,35,19.1331305694485,5.703090958605665,63,8.207062880198161e-05,0.0
low,5,1.0,full_reopt,36,21.217667539041464,7.5667526659786715,43,8.88264427582423e-05,0.0
low,5,1.0,full_reopt,37,29.598612263971177,6.018455228981545,131,8.054484020579945e-05,0.0
low,5,1.0,full_reopt,38,17.336172358395075,5.776220383986928,56,8.045369759202003e-05,0.0
low,5,1.0,full_reopt,39,18.46687275255223,7.666666666666667,41,8.891398708025615e-05,0.0
low,5,1.0,periodic,20,9.65172970543669,7.609649122807018,11,1.0721799400117663e-05,0.8888888888888888
low,5,1.0,periodic,21,12.523151022883393,7.516995614035087,17,1.2402888387441635e-05,0.875
low,5,1.0,periodic,22,13.113634444541646,7.302631578947368,28,1.890324056148529e-05,0.8
low,5,1.0,periodic,23,11.099880408162697,7.070987654320987,14,1.090723607275221e-05,0.8888888888888888
low,5,1.0,periodic,24,10.8152027984804,5.654411764705881,26,1.4363167186578115e-05,0.8333333333333334
low,5,1.0,periodic,25,7.68255813112242,7.010416666666667,5,1.1548399925231934e-05,0.875
low,5,1.0,periodic,26,9.420035748035518,5.374691358024691,17,9.352962176005045e-06,0.8888888888888888
low,5,1.0,periodic,27,9.467343579025416,8.119444444444445,9,1.1478861172993978e-05,0.8888888888888888
low,5,1.0,periodic,28,12.297595262145292,8.800983436853002,27,1.4645978808403015e-05,0.8571428571428571
low,5,1.0,periodic,29,13.578596114386675,7.931666666666667,29,1.8344074487686157e-05,0.8
low,5,1.0,periodic,30,12.76970827392892,7.5,17,1.177145168185234e-05,0.875
low,5,1.0,periodic,31,10.400730720664972,6.716666666666667,21,1.6999244689941406e-05,0.8
low,5,1.0,periodic,32,11.487536385010548,5.603535353535353,30,1.5366145155646585e-05,0.8181818181818182
low,5,1.0,periodic,33,14.378520042701817,7.666666666666667,17,1.6045446197191875e-05,0.8333333333333334
low,5,1.0,periodic,34,12.19249393339643,7.869047619047619,15,1.3800071818487985e-05,0.8571428571428571
low,5,1.0,periodic,35,9.434753863318388,6.509259259259259,13,9.929140408833822e-06,0.8888888888888888
low,5,1.0,periodic,36,11.495367787584419,6.7369281045751634,12,1.4716138442357382e-05,0.8333333333333334
low,5,1.0,periodic,37,11.154999953308037,5.1106060606060595,29,1.5004453333941372e-05,0.8181818181818182
low,5,1.0,periodic,38,8.415743909066375,6.049479166666666,12,1.1070165783166885e-05,0.875
low,5,1.0,periodic,39,10.983660797229826,7.666666666666667,12,1.6318634152412415e-05,0.8333333333333334
low,5,1.0,event_triggered_no_stability,20,7.055555555555556,7.055555555555556,0,5.966093805101183e-05,1.0
low,5,1.0,event_triggered_no_stability,21,7.041666666666666,7.041666666666666,0,6.271246820688248e-05,1.0
low,5,1.0,event_triggered_no_stability,22,7.033333333333334,7.033333333333334,0,5.883723497390747e-05,1.0
low,5,1.0,event_triggered_no_stability,23,7.092592592592592,7.092592592592592,0,6.360105342335171e-05,1.0
low,5,1.0,event_triggered_no_stability,24,7.081018518518519,7.081018518518519,0,0.05446210938195387,1.0
low,5,1.0,event_triggered_no_stability,25,7.010416666666667,7.010416666666667,0,6.383378058671951e-05,1.0
low,5,1.0,event_triggered_no_stability,26,7.080246913580247,7.080246913580247,0,6.241434150271946e-05,1.0
low,5,1.0,event_triggered_no_stability,27,7.0092592592592595,7.0092592592592595,0,5.9466809034347534e-05,1.0
low,5,1.0,event_triggered_no_stability,28,7.017857142857143,7.017857142857143,0,5.745781319481986e-05,1.0
low,5,1.0,event_triggered_no_stability,29,7.033333333333334,7.033333333333334,0,5.7915598154067995e-05,1.0
low,5,1.0,event_triggered_no_stability,30,7.0,7.0,0,5.7870056480169296e-05,1.0
low,5,1.0,event_triggered_no_stability,31,7.0166666666666675,7.0166666666666675,0,0.0686743438243866,1.0
low,5,1.0,event_triggered_no_stability,32,7.128787878787879,7.128787878787879,0,0.057338508692654694,1.0
low,5,1.0,event_triggered_no_stability,33,7.0,7.0,0,6.0504923264185585e-05,1.0
low,5,1.0,event_triggered_no_stability,34,7.011904761904761,7.011904761904761,0,5.852856806346348e-05,1.0
low,5,1.0,event_triggered_no_stability,35,7.0586419753086425,7.0586419753086425,0,5.886041455798679e-05,1.0
low,5,1.0,event_triggered_no_stability,36,7.069444444444444,7.069444444444444,0,0.10705556658407052,1.0
low,5,1.0,event_triggered_no_stability,37,7.037878787878787,7.037878787878787,0,0.06385777382688089,1.0
low,5,1.0,event_triggered_no_stability,38,7.0625,7.0625,0,6.061559543013573e-05,1.0
low,5,1.0,event_triggered_no_stability,39,7.0,7.0,0,6.0327971975008644e-05,1.0
low,5,1.0,mpc,20,1000021.7110162692,1000011.8896940419,60,9.637367394235398e-05,0.0
low,5,1.0,mpc,21,1000029.7098482151,1000011.6648863637,88,9.394809603691101e-05,0.0
low,5,1.0,mpc,22,1000017.7879939206,1000009.8142857142,50,8.813738822937012e-05,0.0
low,5,1.0,mpc,23,1000024.729096483,1000010.0724637682,75,9.357805053393047e-05,0.0
low,5,1.0,mpc,24,1000022.6815495264,1000009.9496870883,94,8.974379549423854e-05,0.0
low,5,1.0,mpc,25,1000016.2125193347,1000011.0217391304,28,9.375298395752907e-05,0.0
low,5,1.0,mpc,26,1000015.9822807626,1000008.2527151211,43,8.205407195621067e-05,0.0
low,5,1.0,mpc,27,1000020.6080077578,1000012.0193236715,50,9.407558374934726e-05,0.0
low,5,1.0,mpc,28,1000024.264582669,1000012.8915432394,101,9.424159569399697e-05,0.0
low,5,1.0,mpc,29,1000020.4871904736,1000011.3703557312,61,8.839629590511322e-05,0.0
low,5,1.0,mpc,30,1000023.7229542747,1000009.75,73,8.81110318005085e-05,0.0
low,5,1.0,mpc,31,1000020.9426703596,1000010.2372294372,74,8.441507816314697e-05,0.0
low,5,1.0,mpc,32,1000022.9583954645,1000008.9549005013,94,8.116527037187056e-05,0.0
low,5,1.0,mpc,33,1000027.3458569987,1000011.8333333334,61,9.201467037200928e-05,0.0
low,5,1.0,mpc,34,1000020.9955492042,1000011.8819875775,40,9.520458323614938e-05,0.0
low,5,1.0,mpc,35,1000023.6480596355,1000009.7458748979,80,8.791436751683553e-05,0.0
low,5,1.0,mpc,36,1000024.9513516893,1000011.6403996487,49,9.219224254290263e-05,0.0
low,5,1.0,mpc,37,1000030.7843814034,1000010.0451555022,141,9.27495685490695e-05,0.0
low,5,1.0,mpc,38,1000022.5177508465,1000009.8128411443,71,8.786935359239578e-05,0.0
low,5,1.0,mpc,39,1000024.9940921223,1000011.6666666666,56,8.873703579107921e-05,0.0
low,5,1.0,sarcrp,20,7.055555555555556,7.055555555555556,0,6.237005194028218e-05,1.0
low,5,1.0,sarcrp,21,7.041666666666666,7.041666666666666,0,5.986122414469719e-05,1.0
low,5,1.0,sarcrp,22,7.033333333333334,7.033333333333334,0,5.803592503070831e-05,1.0
low,5,1.0,sarcrp,23,7.092592592592592,7.092592592592592,0,5.9857136673397487e-05,1.0
low,5,1.0,sarcrp,24,7.081018518518519,7.081018518518519,0,0.05428424632797638,1.0
low,5,1.0,sarcrp,25,7.010416666666667,7.010416666666667,0,6.230082362890244e-05,1.0
low,5,1.0,sarcrp,26,7.080246913580247,7.080246913580247,0,5.8990385797288683e-05,1.0
low,5,1.0,sarcrp,27,7.0092592592592595,7.0092592592592595,0,5.700894527965122e-05,1.0
low,5,1.0,sarcrp,28,7.017857142857143,7.017857142857143,0,5.850568413734436e-05,1.0
low,5,1.0,sarcrp,29,7.033333333333334,7.033333333333334,0,5.826614797115326e-05,1.0
low,5,1.0,sarcrp,30,7.0,7.0,0,5.725165829062462e-05,1.0
low,5,1.0,sarcrp,31,7.0166666666666675,7.0166666666666675,0,0.0690309789031744,1.0
low,5,1.0,sarcrp,32,7.128787878787879,7.128787878787879,0,0.05751485140486197,1.0
low,5,1.0,sarcrp,33,7.0,7.0,0,6.352116664250691e-05,1.0
low,5,1.0,sarcrp,34,7.011904761904761,7.011904761904761,0,6.15827739238739e-05,1.0
low,5,1.0,sarcrp,35,7.0586419753086425,7.0586419753086425,0,6.164403425322639e-05,1.0
low,5,1.0,sarcrp,36,7.069444444444444,7.069444444444444,0,0.10640314593911171,1.0
low,5,1.0,sarcrp,37,7.037878787878787,7.037878787878787,0,0.06342943622307344,1.0
low,5,1.0,sarcrp,38,7.0625,7.0625,0,6.03972002863884e-05,1.0
low,5,1.0,sarcrp,39,7.0,7.0,0,6.633189817269643e-05,1.0
medium,0,0.0,static,20,7.055555555555556,7.055555555555556,0,2.3179584079318576e-07,1.0
medium,0,0.0,static,21,7.048611111111111,7.048611111111111,0,2.086162567138672e-07,1.0
medium,0,0.0,static,22,7.066666666666667,7.066666666666667,0,1.8514692783355714e-07,1.0
medium,0,0.0,static,23,7.020833333333333,7.020833333333333,0,1.8409142891565958e-07,1.0
medium,0,0.0,static,24,7.076388888888888,7.076388888888888,0,1.8812716007232666e-07,1.0
medium,0,0.0,static,25,7.095238095238095,7.095238095238095,0,2.1606683731079102e-07,1.0
medium,0,0.0,static,26,7.061728395061729,7.061728395061729,0,1.870923572116428e-07,1.0
medium,0,0.0,static,27,7.0092592592592595,7.0092592592592595,0,1.916454897986518e-07,1.0
medium,0,0.0,static,28,7.053571428571429,7.053571428571429,0,1.9158635820661273e-07,1.0
medium,0,0.0,static,29,7.027777777777778,7.027777777777778,0,2.0054479440053305e-07,1.0
medium,0,0.0,static,30,7.0,7.0,0,2.0023435354232788e-07,1.0
medium,0,0.0,static,31,7.066666666666667,7.066666666666667,0,1.9147992134094238e-07,1.0
medium,0,0.0,static,32,7.126262626262626,7.126262626262626,0,1.801685853437944e-07,1.0
medium,0,0.0,static,33,7.052469135802468,7.052469135802468,0,2.007517549726698e-07,1.0
medium,0,0.0,static,34,7.013888888888888,7.013888888888888,0,2.092371384302775e-07,1.0
medium,0,0.0,static,35,7.064814814814815,7.064814814814815,0,1.9040372636583117e-07,1.0
medium,0,0.0,static,36,7.059523809523809,7.059523809523809,0,2.0223004477364676e-07,1.0
medium,0,0.0,static,37,7.117521367521368,7.117521367521368,0,2.0231191928570087e-07,1.0
medium,0,0.0,static,38,7.022222222222221,7.022222222222221,0,1.7955899238586427e-07,1.0
medium,0,0.0,static,39,7.0,7.0,0,1.9309421380360922e-07,1.0
medium,0,0.0,full_reopt,20,17.045048068681265,8.052680311890839,46,9.219224254290263e-05,0.0
medium,0,0.0,full_reopt,21,29.105354890384852,6.763774671052632,79,8.908938616514206e-05,0.0
medium,0,0.0,full_reopt,22,18.885856658365476,6.8052777777777775,65,8.895210921764374e-05,0.0
medium,0,0.0,full_reopt,23,24.867547844800963,6.9379084967320255,111,8.79606232047081e-05,0.0
medium,0,0.0,full_reopt,24,23.668219022918905,7.4356641962340495,97,8.510363598664601e-05,0.0
medium,0,0.0,full_reopt,25,19.362698553598868,6.722689075630252,38,8.663428681237357e-05,0.0
medium,0,0.0,full_reopt,26,20.65314959011075,5.454089506172839,60,8.484307262632583e-05,0.0
medium,0,0.0,full_reopt,27,15.4958712031151,7.231481481481483,46,8.830345339245266e-05,0.0
medium,0,0.0,full_reopt,28,19.900167560305086,4.939975990396158,98,7.959747953074319e-05,0.0
medium,0,0.0,full_reopt,29,13.985077369858395,6.527777777777778,30,8.54035218556722e-05,0.0
medium,0,0.0,full_reopt,30,24.280714283211093,3.75,75,8.185114711523056e-05,0.0
medium,0,0.0,full_reopt,31,31.085932856041563,7.305555555555555,95,8.78453254699707e-05,0.0
medium,0,0.0,full_reopt,32,22.904640095627926,4.919953208556151,88,7.75270164012909e-05,0.0
medium,0,0.0,full_reopt,33,25.175025716570403,4.788194444444445,76,8.488570650418599e-05,0.0
medium,0,0.0,full_reopt,34,22.4117757379817,7.1805555555555545,46,9.257346391677856e-05,0.0
medium,0,0.0,full_reopt,35,25.671958855234557,7.250350413069713,88,8.970126509666443e-05,0.0
medium,0,0.0,full_reopt,36,23.119060313145205,8.90969387755102,54,9.93087887763977e-05,0.0
medium,0,0.0,full_reopt,37,15.117825406515182,5.785595776772246,64,7.994071795390203e-05,0.0
medium,0,0.0,full_reopt,38,23.909719205209687,8.486666666666668,122,8.943180243174235e-05,0.0
medium,0,0.0,full_reopt,39,20.6762949362636,7.0,52,8.455167214075725e-05,0.0
medium,0,0.0,periodic,20,9.80236207381556,7.609649122807018,11,1.0711451371510824e-05,0.8888888888888888
medium,0,0.0,periodic,21,11.830610914628794,7.013888888888888,16,1.1623837053775787e-05,0.875
medium,0,0.0,periodic,22,14.896728287699409,7.705263157894737,33,1.9780173897743224e-05,0.8
medium,0,0.0,periodic,23,13.431175772777998,7.604575163398692,32,1.714626948038737e-05,0.8333333333333334
medium,0,0.0,periodic,24,14.905014667414036,7.991593567251461,35,1.6730278730392456e-05,0.8333333333333334
medium,0,0.0,periodic,25,12.553365832360317,6.6232492997198875,16,1.2656939881188528e-05,0.8571428571428571
medium,0,0.0,periodic,26,9.601117121017124,5.385802469135802,17,9.402632713317871e-06,0.8888888888888888
medium,0,0.0,periodic,27,10.171749656918756,8.119444444444445,13,1.084059476852417e-05,0.8888888888888888
medium,0,0.0,periodic,28,8.585964374252432,4.868939883645766,28,1.1714441435677664e-05,0.8571428571428571
medium,0,0.0,periodic,29,9.45097152174076,6.694444444444444,10,1.4817963043848673e-05,0.8333333333333334
medium,0,0.0,periodic,30,11.930644772029144,6.5,17,1.1119060218334198e-05,0.875
medium,0,0.0,periodic,31,15.150046380834407,6.5058823529411764,33,1.7746537923812867e-05,0.8
medium,0,0.0,periodic,32,11.401899909670947,5.884135472370766,30,1.5148723667318171e-05,0.8181818181818182
medium,0,0.0,periodic,33,10.26436375255363,5.943287037037036,16,9.608351522021823e-06,0.8888888888888888
medium,0,0.0,periodic,34,12.901663128283717,7.6805555555555545,15,1.6137957572937012e-05,0.8333333333333334
medium,0,0.0,periodic,35,11.014725927904335,8.181481481481482,15,1.0815345578723483e-05,0.8888888888888888
medium,0,0.0,periodic,36,11.590851314503936,8.343537414965986,13,1.4413680349077498e-05,0.8571428571428571
medium,0,0.0,periodic,37,9.515539778036866,5.708371040723981,25,1.3160877502881563e-05,0.8461538461538461
medium,0,0.0,periodic,38,13.442418495435646,8.154152046783626,40,1.981606086095174e-05,0.8
medium,0,0.0,periodic,39,10.447050959800473,6.666666666666667,12,1.5015403429667154e-05,0.8333333333333334
medium,0,0.0,event_triggered_no_stability,20,7.055555555555556,7.055555555555556,0,5.935794777340359e-05,1.0
medium,0,0.0,event_triggered_no_stability,21,7.048611111111111,7.048611111111111,0,0.07662593061104417,1.0
medium,0,0.0,event_triggered_no_stability,22,7.066666666666667,7.066666666666667,0,6.16893172264099e-05,1.0
medium,0,0.0,event_triggered_no_stability,23,7.020833333333333,7.020833333333333,0,6.156445791323979e-05,1.0
medium,0,0.0,event_triggered_no_stability,24,7.076388888888888,7.076388888888888,0,0.05237394912789265,1.0
medium,0,0.0,event_triggered_no_stability,25,7.095238095238095,7.095238095238095,0,6.552519542830331e-05,1.0
medium,0,0.0,event_triggered_no_stability,26,7.061728395061729,7.061728395061729,0,5.798828270700243e-05,1.0
medium,0,0.0,event_triggered_no_stability,27,7.0092592592592595,7.0092592592592595,0,5.717244413163927e-05,1.0
medium,0,0.0,event_triggered_no_stability,28,7.053571428571429,7.053571428571429,0,0.04842526997838702,1.0
medium,0,0.0,event_triggered_no_stability,29,7.027777777777778,7.027777777777778,0,6.132200360298157e-05,1.0
medium,0,0.0,event_triggered_no_stability,30,7.0,7.0,0,6.358465179800987e-05,1.0
medium,0,0.0,event_triggered_no_stability,31,7.066666666666667,7.066666666666667,0,0.06292510665953159,1.0
medium,0,0.0,event_triggered_no_stability,32,7.126262626262626,7.126262626262626,0,0.11713887514038519,1.0
medium,0,0.0,event_triggered_no_stability,33,7.052469135802468,7.052469135802468,0,0.13625161184204948,1.0
medium,0,0.0,event_triggered_no_stability,34,7.013888888888888,7.013888888888888,0,6.557752688725789e-05,1.0
medium,0,0.0,event_triggered_no_stability,35,7.064814814814815,7.064814814814815,0,0.07553180762463146,1.0
medium,0,0.0,event_triggered_no_stability,36,7.059523809523809,7.059523809523809,0,6.188984428133284e-05,1.0
medium,0,0.0,event_triggered_no_stability,37,7.117521367521368,7.117521367521368,0,0.04776743140358191,1.0
medium,0,0.0,event_triggered_no_stability,38,7.022222222222221,7.022222222222221,0,5.890702207883199e-05,1.0
medium,0,0.0,event_triggered_no_stability,39,7.0,7.0,0,6.195406119028728e-05,1.0
medium,0,0.0,mpc,20,1000022.6161982475,1000012.1111755235,61,9.63140692975786e-05,0.0
medium,0,0.0,mpc,21,1000032.0821707536,1000010.7886904761,92,8.729100227355957e-05,0.0
medium,0,0.0,mpc,22,1000022.0357478296,1000010.8250434783,70,9.372420608997346e-05,0.0
medium,0,0.0,mpc,23,1000027.7518750769,1000010.9608036891,126,9.535066783428192e-05,0.0
medium,0,0.0,mpc,24,1000027.0075474529,1000011.4678847721,114,9.46636622150739e-05,0.0
medium,0,0.0,mpc,25,1000025.6604377938,1000010.7532467532,55,9.94950532913208e-05,0.0
medium,0,0.0,mpc,26,1000020.8019344275,1000009.4772256729,58,8.807703852653503e-05,0.0
medium,0,0.0,mpc,27,1000018.8895868079,1000011.2415458937,48,8.891854021284316e-05,0.0
medium,0,0.0,mpc,28,1000022.8565435748,1000008.9641148325,110,8.20247722523553e-05,0.0
medium,0,0.0,mpc,29,1000021.9905664165,1000010.5579710145,47,8.638824025789897e-05,0.0
medium,0,0.0,mpc,30,1000023.2037474334,1000007.75,73,8.149025961756706e-05,0.0
medium,0,0.0,mpc,31,1000030.5155968212,1000011.3260869564,97,9.313225746154785e-05,0.0
medium,0,0.0,mpc,32,1000022.6454280459,1000008.9592680047,86,8.110837502913041e-05,0.0
medium,0,0.0,mpc,33,1000026.7156689372,1000008.8121693122,81,8.525989121860928e-05,0.0
medium,0,0.0,mpc,34,1000027.3009331129,1000011.1956521738,57,9.254987041155498e-05,0.0
medium,0,0.0,mpc,35,1000029.4380801871,1000011.2901052891,105,8.774052063624065e-05,0.0
medium,0,0.0,mpc,36,1000026.5845485994,1000012.9696703296,60,9.259155818394252e-05,0.0
medium,0,0.0,mpc,37,1000019.564739454,1000009.8277135908,79,8.747869959244362e-05,0.0
medium,0,0.0,mpc,38,1000026.5920681092,1000012.5093333333,133,9.53681766986847e-05,0.0
medium,0,0.0,mpc,39,1000027.0406606545,1000011.0,67,9.65589036544164e-05,0.0
medium,0,0.0,sarcrp,20,7.055555555555556,7.055555555555556,0,6.443179315990872e-05,1.0
medium,0,0.0,sarcrp,21,7.048611111111111,7.048611111111111,0,0.07672529714182019,1.0
medium,0,0.0,sarcrp,22,7.066666666666667,7.066666666666667,0,5.829557776451111e-05,1.0
medium,0,0.0,sarcrp,23,7.020833333333333,7.020833333333333,0,5.7532452046871185e-05,1.0
medium,0,0.0,sarcrp,24,7.076388888888888,7.076388888888888,0,0.05265613986800114,1.0
medium,0,0.0,sarcrp,25,7.095238095238095,7.095238095238095,0,6.015279463359288e-05,1.0
medium,0,0.0,sarcrp,26,7.061728395061729,7.061728395061729,0,6.419047713279724e-05,1.0
medium,0,0.0,sarcrp,27,7.0092592592592595,7.0092592592592595,0,6.0024360815684e-05,1.0
medium,0,0.0,sarcrp,28,7.053571428571429,7.053571428571429,0,0.047834920563868115,1.0
medium,0,0.0,sarcrp,29,7.027777777777778,7.027777777777778,0,6.672429541746776e-05,1.0
medium,0,0.0,sarcrp,30,7.0,7.0,0,6.0277990996837616e-05,1.0
medium,0,0.0,sarcrp,31,7.066666666666667,7.066666666666667,0,0.06353643834590912,1.0
medium,0,0.0,sarcrp,32,7.126262626262626,7.126262626262626,0,0.11772246049209074,1.0
medium,0,0.0,sarcrp,33,7.052469135802468,7.052469135802468,0,0.13823039539986187,1.0
medium,0,0.0,sarcrp,34,7.013888888888888,7.013888888888888,0,6.104881564776103e-05,1.0
medium,0,0.0,sarcrp,35,7.064814814814815,7.064814814814815,0,0.0754263587296009,1.0
medium,0,0.0,sarcrp,36,7.059523809523809,7.059523809523809,0,6.144600255148751e-05,1.0
medium,0,0.0,sarcrp,37,7.117521367521368,7.117521367521368,0,0.04815703372542675,1.0
medium,0,0.0,sarcrp,38,7.022222222222221,7.022222222222221,0,6.285409132639567e-05,1.0
medium,0,0.0,sarcrp,39,7.0,7.0,0,6.110655764738719e-05,1.0
medium,0,0.5,static,20,7.055555555555556,7.055555555555556,0,2.131693893008762e-07,1.0
medium,0,0.5,static,21,7.048611111111111,7.048611111111111,0,2.1094456315040588e-07,1.0
medium,0,0.5,static,22,7.066666666666667,7.066666666666667,0,1.9855797290802e-07,1.0
medium,0,0.5,static,23,7.020833333333333,7.020833333333333,0,1.986821492513021e-07,1.0
medium,0,0.5,static,24,7.076388888888888,7.076388888888888,0,2.0489096641540527e-07,1.0
medium,0,0.5,static,25,7.095238095238095,7.095238095238095,0,2.2564615522112164e-07,1.0
medium,0,0.5,static,26,7.061728395061729,7.061728395061729,0,2.2268957561916775e-07,1.0
medium,0,0.5,static,27,7.0092592592592595,7.0092592592592595,0,2.1565291616651746e-07,1.0
medium,0,0.5,static,28,7.053571428571429,7.053571428571429,0,1.9105417387826102e-07,1.0
medium,0,0.5,static,29,7.027777777777778,7.027777777777778,0,2.1109978357950845e-07,1.0
medium,0,0.5,static,30,7.0,7.0,0,1.8486753106117249e-07,1.0
medium,0,0.5,static,31,7.066666666666667,7.066666666666667,0,1.8849968910217286e-07,1.0
medium,0,0.5,static,32,7.126262626262626,7.126262626262626,0,1.92360444502397e-07,1.0
medium,0,0.5,static,33,7.052469135802468,7.052469135802468,0,1.961986223856608e-07,1.0
medium,0,0.5,static,34,7.013888888888888,7.013888888888888,0,2.2041300932566324e-07,1.0
medium,0,0.5,static,35,7.064814814814815,7.064814814814815,0,1.9330117437574597e-07,1.0
medium,0,0.5,static,36,7.059523809523809,7.059523809523809,0,2.1659902163914273e-07,1.0
medium,0,0.5,static,37,7.117521367521368,7.117521367521368,0,1.7566176561208871e-07,1.0
medium,0,0.5,static,38,7.022222222222221,7.022222222222221,0,1.8005569775899252e-07,1.0
medium,0,0.5,static,39,7.0,7.0,0,1.986821492513021e-07,1.0
medium,0,0.5,full_reopt,20,17.045048068681265,8.052680311890839,46,8.680671453475952e-05,0.0
medium,0,0.5,full_reopt,21,29.105354890384852,6.763774671052632,79,8.278433233499527e-05,0.0
medium,0,0.5,full_reopt,22,18.885856658365476,6.8052777777777775,65,8.492469787597656e-05,0.0
medium,0,0.5,full_reopt,23,24.867547844800963,6.9379084967320255,111,8.906610310077667e-05,0.0
medium,0,0.5,full_reopt,24,23.668219022918905,7.4356641962340495,97,9.045687814553578e-05,0.0
medium,0,0.5,full_reopt,25,19.362698553598868,6.722689075630252,38,8.3643410887037e-05,0.0
medium,0,0.5,full_reopt,26,20.65314959011075,5.454089506172839,60,8.100892106691997e-05,0.0
medium,0,0.5,full_reopt,27,15.4958712031151,7.231481481481483,46,8.438817328876919e-05,0.0
medium,0,0.5,full_reopt,28,19.900167560305086,4.939975990396158,98,8.125310497624534e-05,0.0
medium,0,0.5,full_reopt,29,13.985077369858395,6.527777777777778,30,9.065742293993632e-05,0.0
medium,0,0.5,full_reopt,30,24.280714283211093,3.75,75,7.920153439044952e-05,0.0
medium,0,0.5,full_reopt,31,31.085932856041563,7.305555555555555,95,8.470788598060607e-05,0.0
medium,0,0.5,full_reopt,32,22.904640095627926,4.919953208556151,88,7.798793641003695e-05,0.0
medium,0,0.5,full_reopt,33,25.175025716570403,4.788194444444445,76,7.74516827530331e-05,0.0
medium,0,0.5,full_reopt,34,22.4117757379817,7.1805555555555545,46,8.452435334523518e-05,0.0
medium,0,0.5,full_reopt,35,25.671958855234557,7.250350413069713,88,8.457360996140374e-05,0.0
medium,0,0.5,full_reopt,36,23.119060313145205,8.90969387755102,54,8.881038853100367e-05,0.0
medium,0,0.5,full_reopt,37,15.117825406515182,5.785595776772246,64,8.252864846816429e-05,0.0
medium,0,0.5,full_reopt,38,23.909719205209687,8.486666666666668,122,9.378294150034587e-05,0.0
medium,0,0.5,full_reopt,39,20.6762949362636,7.0,52,8.577605088551839e-05,0.0
medium,0,0.5,periodic,20,9.80236207381556,7.609649122807018,11,1.0633634196387397e-05,0.8888888888888888
medium,0,0.5,periodic,21,11.830610914628794,7.013888888888888,16,1.1350493878126144e-05,0.875
medium,0,0.5,periodic,22,14.896728287699409,7.705263157894737,33,1.8591806292533874e-05,0.8
medium,0,0.5,periodic,23,13.431175772777998,7.604575163398692,32,1.57582884033521e-05,0.8333333333333334
medium,0,0.5,periodic,24,14.905014667414036,7.991593567251461,35,1.575642575820287e-05,0.8333333333333334
medium,0,0.5,periodic,25,12.553365832360317,6.6232492997198875,16,1.2702707733426775e-05,0.8571428571428571
medium,0,0.5,periodic,26,9.601117121017124,5.385802469135802,17,9.296668900383844e-06,0.8888888888888888
medium,0,0.5,periodic,27,10.171749656918756,8.119444444444445,13,1.0795891284942627e-05,0.8888888888888888
medium,0,0.5,periodic,28,8.585964374252432,4.868939883645766,28,1.1654038514409746e-05,0.8571428571428571
medium,0,0.5,periodic,29,9.45097152174076,6.694444444444444,10,1.510418951511383e-05,0.8333333333333334
medium,0,0.5,periodic,30,11.930644772029144,6.5,17,1.0899268090724945e-05,0.875
medium,0,0.5,periodic,31,15.150046380834407,6.5058823529411764,33,1.870952546596527e-05,0.8
medium,0,0.5,periodic,32,11.401899909670947,5.884135472370766,30,1.7648732120340522e-05,0.8181818181818182
medium,0,0.5,periodic,33,10.26436375255363,5.943287037037036,16,9.533845716052585e-06,0.8888888888888888
medium,0,0.5,periodic,34,12.901663128283717,7.6805555555555545,15,1.615782578786214e-05,0.8333333333333334
medium,0,0.5,periodic,35,11.014725927904335,8.181481481481482,15,1.071683234638638e-05,0.8888888888888888
medium,0,0.5,periodic,36,11.590851314503936,8.343537414965986,13,1.5197587864739554e-05,0.8571428571428571
medium,0,0.5,periodic,37,9.515539778036866,5.708371040723981,25,1.3034504193526049e-05,0.8461538461538461
medium,0,0.5,periodic,38,13.442418495435646,8.154152046783626,40,2.054820458094279e-05,0.8
medium,0,0.5,periodic,39,10.447050959800473,6.666666666666667,12,1.4994914333025614e-05,0.8333333333333334
medium,0,0.5,event_triggered_no_stability,20,7.055555555555556,7.055555555555556,0,5.9811605347527395e-05,1.0
medium,0,0.5,event_triggered_no_stability,21,7.048611111111111,7.048611111111111,0,0.07678120722994208,1.0
medium,0,0.5,event_triggered_no_stability,22,7.066666666666667,7.066666666666667,0,6.337687373161315e-05,1.0
medium,0,0.5,event_triggered_no_stability,23,7.020833333333333,7.020833333333333,0,6.473995745182037e-05,1.0
medium,0,0.5,event_triggered_no_stability,24,7.076388888888888,7.076388888888888,0,0.05782860952119032,1.0
medium,0,0.5,event_triggered_no_stability,25,7.095238095238095,7.095238095238095,0,6.898013608796256e-05,1.0
medium,0,0.5,event_triggered_no_stability,26,7.061728395061729,7.061728395061729,0,6.139154235521953e-05,1.0
medium,0,0.5,event_triggered_no_stability,27,7.0092592592592595,7.0092592592592595,0,6.082198686069912e-05,1.0
medium,0,0.5,event_triggered_no_stability,28,7.053571428571429,7.053571428571429,0,0.044128324038216045,1.0
medium,0,0.5,event_triggered_no_stability,29,7.027777777777778,7.027777777777778,0,6.1001007755597435e-05,1.0
medium,0,0.5,event_triggered_no_stability,30,7.0,7.0,0,5.762185901403427e-05,1.0
medium,0,0.5,event_triggered_no_stability,31,7.066666666666667,7.066666666666667,0,0.06349732950329781,1.0
medium,0,0.5,event_triggered_no_stability,32,7.126262626262626,7.126262626262626,0,0.11781840669837865,1.0
medium,0,0.5,event_triggered_no_stability,33,7.052469135802468,7.052469135802468,0,0.143989364306132,1.0
medium,0,0.5,event_triggered_no_stability,34,7.013888888888888,7.013888888888888,0,6.582277516523997e-05,1.0
medium,0,0.5,event_triggered_no_stability,35,7.064814814814815,7.064814814814815,0,0.06926849774188465,1.0
medium,0,0.5,event_triggered_no_stability,36,7.059523809523809,7.059523809523809,0,6.134967718805586e-05,1.0
medium,0,0.5,event_triggered_no_stability,37,7.117521367521368,7.117521367521368,0,0.04770781214420612,1.0
medium,0,0.5,event_triggered_no_stability,38,7.022222222222221,7.022222222222221,0,5.8152029911677046e-05,1.0
medium,0,0.5,event_triggered_no_stability,39,7.0,7.0,0,6.609223783016205e-05,1.0
medium,0,0.5,mpc,20,1000022.6161982475,1000012.1111755235,61,9.480863809585571e-05,0.0
medium,0,0.5,mpc,21,1000032.0821707536,1000010.7886904761,92,8.726725354790688e-05,0.0
medium,0,0.5,mpc,22,1000022.0357478296,1000010.8250434783,70,8.752420544624328e-05,0.0
medium,0,0.5,mpc,23,1000027.7518750769,1000010.9608036891,126,9.235367178916931e-05,0.0
medium,0,0.5,mpc,24,1000027.0075474529,1000011.4678847721,114,9.535346180200577e-05,0.0
medium,0,0.5,mpc,25,1000025.6604377938,1000010.7532467532,55,8.704672966684614e-05,0.0
medium,0,0.5,mpc,26,1000020.8019344275,1000009.4772256729,58,8.594741423924764e-05,0.0
medium,0,0.5,mpc,27,1000018.8895868079,1000011.2415458937,48,9.40859317779541e-05,0.0
medium,0,0.5,mpc,28,1000022.8565435748,1000008.9641148325,110,8.485306586538042e-05,0.0
medium,0,0.5,mpc,29,1000021.9905664165,1000010.5579710145,47,8.55841984351476e-05,0.0
medium,0,0.5,mpc,30,1000023.2037474334,1000007.75,73,8.058780804276466e-05,0.0
medium,0,0.5,mpc,31,1000030.5155968212,1000011.3260869564,97,9.307973086833954e-05,0.0
medium,0,0.5,mpc,32,1000022.6454280459,1000008.9592680047,86,8.567050099372864e-05,0.0
medium,0,0.5,mpc,33,1000026.7156689372,1000008.8121693122,81,8.893716666433547e-05,0.0
medium,0,0.5,mpc,34,1000027.3009331129,1000011.1956521738,57,9.514267245928447e-05,0.0
medium,0,0.5,mpc,35,1000029.4380801871,1000011.2901052891,105,9.298697113990784e-05,0.0
medium,0,0.5,mpc,36,1000026.5845485994,1000012.9696703296,60,0.00010185369423457555,0.0
medium,0,0.5,mpc,37,1000019.564739454,1000009.8277135908,79,8.855158319840065e-05,0.0
medium,0,0.5,mpc,38,1000026.5920681092,1000012.5093333333,133,9.19245183467865e-05,0.0
medium,0,0.5,mpc,39,1000027.0406606545,1000011.0,67,9.061892827351888e-05,0.0
medium,0,0.5,sarcrp,20,7.055555555555556,7.055555555555556,0,5.8710575103759766e-05,1.0
medium,0,0.5,sarcrp,21,7.048611111111111,7.048611111111111,0,0.07740294560790062,1.0
medium,0,0.5,sarcrp,22,7.066666666666667,7.066666666666667,0,5.8471783995628356e-05,1.0
medium,0,0.5,sarcrp,23,7.020833333333333,7.020833333333333,0,5.872764935096105e-05,1.0
medium,0,0.5,sarcrp,24,7.076388888888888,7.076388888888888,0,0.0581006466721495,1.0
medium,0,0.5,sarcrp,25,7.095238095238095,7.095238095238095,0,6.035129938806806e-05,1.0
medium,0,0.5,sarcrp,26,7.061728395061729,7.061728395061729,0,6.458246045642429e-05,1.0
medium,0,0.5,sarcrp,27,7.0092592592592595,7.0092592592592595,0,6.125246485074361e-05,1.0
medium,0,0.5,sarcrp,28,7.053571428571429,7.053571428571429,0,0.044043189979025295,1.0
medium,0,0.5,sarcrp,29,7.027777777777778,7.027777777777778,0,6.825725237528484e-05,1.0
medium,0,0.5,sarcrp,30,7.0,7.0,0,6.007682532072067e-05,1.0
medium,0,0.5,sarcrp,31,7.066666666666667,7.066666666666667,0,0.06374337375164033,1.0
medium,0,0.5,sarcrp,32,7.126262626262626,7.126262626262626,0,0.11707447164437988,1.0
medium,0,0.5,sarcrp,33,7.052469135802468,7.052469135802468,0,0.1436849364803897,1.0
medium,0,0.5,sarcrp,34,7.013888888888888,7.013888888888888,0,6.377634902795155e-05,1.0
medium,0,0.5,sarcrp,35,7.064814814814815,7.064814814814815,0,0.06950460415747431,1.0
medium,0,0.5,sarcrp,36,7.059523809523809,7.059523809523809,0,6.599085671561105e-05,1.0
medium,0,0.5,sarcrp,37,7.117521367521368,7.117521367521368,0,0.04796901574501625,1.0
medium,0,0.5,sarcrp,38,7.022222222222221,7.022222222222221,0,5.7811041673024494e-05,1.0
medium,0,0.5,sarcrp,39,7.0,7.0,0,5.766935646533966e-05,1.0
medium,0,1.0,static,20,7.055555555555556,7.055555555555556,0,6.20053874121772e-07,1.0
medium,0,1.0,static,21,7.048611111111111,7.048611111111111,0,2.3189932107925415e-07,1.0
medium,0,1.0,static,22,7.066666666666667,7.066666666666667,0,2.0749866962432862e-07,1.0
medium,0,1.0,static,23,7.020833333333333,7.020833333333333,0,1.9185245037078857e-07,1.0
medium,0,1.0,static,24,7.076388888888888,7.076388888888888,0,1.7446776231129965e-07,1.0
medium,0,1.0,static,25,7.095238095238095,7.095238095238095,0,1.9956912313188825e-07,1.0
medium,0,1.0,static,26,7.061728395061729,7.061728395061729,0,1.9909607039557562e-07,1.0
medium,0,1.0,static,27,7.0092592592592595,7.0092592592592595,0,1.8502275149027506e-07,1.0
medium,0,1.0,static,28,7.053571428571429,7.053571428571429,0,1.934490033558437e-07,1.0
medium,0,1.0,static,29,7.027777777777778,7.027777777777778,0,2.253800630569458e-07,1.0
medium,0,1.0,static,30,7.0,7.0,0,1.9837170839309692e-07,1.0
medium,0,1.0,static,31,7.066666666666667,7.066666666666667,0,1.9446015357971192e-07,1.0
medium,0,1.0,static,32,7.126262626262626,7.126262626262626,0,2.062456174330278e-07,1.0
medium,0,1.0,static,33,7.052469135802468,7.052469135802468,0,1.808835400475396e-07,1.0
medium,0,1.0,static,34,7.013888888888888,7.013888888888888,0,2.154459555943807e-07,1.0
medium,0,1.0,static,35,7.064814814814815,7.064814814814815,0,1.999239126841227e-07,1.0
medium,0,1.0,static,36,7.059523809523809,7.059523809523809,0,1.8998980522155762e-07,1.0
medium,0,1.0,static,37,7.117521367521368,7.117521367521368,0,1.8683763650747446e-07,1.0
medium,0,1.0,static,38,7.022222222222221,7.022222222222221,0,1.9470850626627604e-07,1.0
medium,0,1.0,static,39,7.0,7.0,0,2.0302832126617432e-07,1.0
medium,0,1.0,full_reopt,20,17.045048068681265,8.052680311890839,46,8.686590525839064e-05,0.0
medium,0,1.0,full_reopt,21,29.105354890384852,6.763774671052632,79,8.300039917230606e-05,0.0
medium,0,1.0,full_reopt,22,18.885856658365476,6.8052777777777775,65,8.872970938682556e-05,0.0
medium,0,1.0,full_reopt,23,24.867547844800963,6.9379084967320255,111,8.407762895027797e-05,0.0
medium,0,1.0,full_reopt,24,23.668219022918905,7.4356641962340495,97,8.693026999632518e-05,0.0
medium,0,1.0,full_reopt,25,19.362698553598868,6.722689075630252,38,8.62835773399898e-05,0.0
medium,0,1.0,full_reopt,26,20.65314959011075,5.454089506172839,60,7.952418592241075e-05,0.0
medium,0,1.0,full_reopt,27,15.4958712031151,7.231481481481483,46,8.845412068896824e-05,0.0
medium,0,1.0,full_reopt,28,19.900167560305086,4.939975990396158,98,7.759220898151398e-05,0.0
medium,0,1.0,full_reopt,29,13.985077369858395,6.527777777777778,30,8.359613517920177e-05,0.0
medium,0,1.0,full_reopt,30,24.280714283211093,3.75,75,7.502082735300064e-05,0.0
medium,0,1.0,full_reopt,31,31.085932856041563,7.305555555555555,95,9.170286357402801e-05,0.0
medium,0,1.0,full_reopt,32,22.904640095627926,4.919953208556151,88,8.300556377931075e-05,0.0
medium,0,1.0,full_reopt,33,25.175025716570403,4.788194444444445,76,8.161945475472344e-05,0.0
medium,0,1.0,full_reopt,34,22.4117757379817,7.1805555555555545,46,8.521974086761475e-05,0.0
medium,0,1.0,full_reopt,35,25.671958855234557,7.250350413069713,88,8.505541417333815e-05,0.0
medium,0,1.0,full_reopt,36,23.119060313145205,8.90969387755102,54,8.918877158846174e-05,0.0
medium,0,1.0,full_reopt,37,15.117825406515182,5.785595776772246,64,8.016595473656288e-05,0.0
medium,0,1.0,full_reopt,38,23.909719205209687,8.486666666666668,122,8.820369839668274e-05,0.0
medium,0,1.0,full_reopt,39,20.6762949362636,7.0,52,8.456595242023468e-05,0.0
medium,0,1.0,periodic,20,9.80236207381556,7.609649122807018,11,1.1590205960803562e-05,0.8888888888888888
medium,0,1.0,periodic,21,11.830610914628794,7.013888888888888,16,1.2271571904420853e-05,0.875
medium,0,1.0,periodic,22,14.896728287699409,7.705263157894737,33,1.8693879246711732e-05,0.8
medium,0,1.0,periodic,23,13.431175772777998,7.604575163398692,32,1.5800508360068004e-05,0.8333333333333334
medium,0,1.0,periodic,24,14.905014667414036,7.991593567251461,35,1.672934740781784e-05,0.8333333333333334
medium,0,1.0,periodic,25,12.553365832360317,6.6232492997198875,16,1.387032014983041e-05,0.8571428571428571
medium,0,1.0,periodic,26,9.601117121017124,5.385802469135802,17,9.270177947150336e-06,0.8888888888888888
medium,0,1.0,periodic,27,10.171749656918756,8.119444444444445,13,1.081617342101203e-05,0.8888888888888888
medium,0,1.0,periodic,28,8.585964374252432,4.868939883645766,28,1.1883942144257681e-05,0.8571428571428571
medium,0,1.0,periodic,29,9.45097152174076,6.694444444444444,10,1.4798715710639954e-05,0.8333333333333334
medium,0,1.0,periodic,30,11.930644772029144,6.5,17,1.085922122001648e-05,0.875
medium,0,1.0,periodic,31,15.150046380834407,6.5058823529411764,33,2.223290503025055e-05,0.8
medium,0,1.0,periodic,32,11.401899909670947,5.884135472370766,30,1.622262326153842e-05,0.8181818181818182
medium,0,1.0,periodic,33,10.26436375255363,5.943287037037036,16,1.1095984114540948e-05,0.8888888888888888
medium,0,1.0,periodic,34,12.901663128283717,7.6805555555555545,15,1.6449640194574993e-05,0.8333333333333334
medium,0,1.0,periodic,35,11.014725927904335,8.181481481481482,15,1.0853840245140924e-05,0.8888888888888888
medium,0,1.0,periodic,36,11.590851314503936,8.343537414965986,13,1.4397714819226945e-05,0.8571428571428571
medium,0,1.0,periodic,37,9.515539778036866,5.708371040723981,25,1.3093822277509249e-05,0.8461538461538461
medium,0,1.0,periodic,38,13.442418495435646,8.154152046783626,40,1.9590804974238078e-05,0.8
medium,0,1.0,periodic,39,10.447050959800473,6.666666666666667,12,1.5048931042353312e-05,0.8333333333333334
medium,0,1.0,event_triggered_no_stability,20,7.055555555555556,7.055555555555556,0,5.991467171245151e-05,1.0
medium,0,1.0,event_triggered_no_stability,21,7.048611111111111,7.048611111111111,0,0.08546438347548246,1.0
medium,0,1.0,event_triggered_no_stability,22,7.066666666666667,7.066666666666667,0,6.567910313606262e-05,1.0
medium,0,1.0,event_triggered_no_stability,23,7.020833333333333,7.020833333333333,0,6.292356799046199e-05,1.0
medium,0,1.0,event_triggered_no_stability,24,7.076388888888888,7.076388888888888,0,0.05284700573732456,1.0
medium,0,1.0,event_triggered_no_stability,25,7.095238095238095,7.095238095238095,0,6.790299500737871e-05,1.0
medium,0,1.0,event_triggered_no_stability,26,7.061728395061729,7.061728395061729,0,6.376331051190694e-05,1.0
medium,0,1.0,event_triggered_no_stability,27,7.0092592592592595,7.0092592592592595,0,6.076693534851074e-05,1.0
medium,0,1.0,event_triggered_no_stability,28,7.053571428571429,7.053571428571429,0,0.04377954825758934,1.0
medium,0,1.0,event_triggered_no_stability,29,7.027777777777778,7.027777777777778,0,6.65349264939626e-05,1.0
medium,0,1.0,event_triggered_no_stability,30,7.0,7.0,0,6.074924021959305e-05,1.0
medium,0,1.0,event_triggered_no_stability,31,7.066666666666667,7.066666666666667,0,0.06811094395816326,1.0
medium,0,1.0,event_triggered_no_stability,32,7.126262626262626,7.126262626262626,0,0.11266021464358676,1.0
medium,0,1.0,event_triggered_no_stability,33,7.052469135802468,7.052469135802468,0,0.1438978864914841,1.0
medium,0,1.0,event_triggered_no_stability,34,7.013888888888888,7.013888888888888,0,6.22508426507314e-05,1.0
medium,0,1.0,event_triggered_no_stability,35,7.064814814814815,7.064814814814815,0,0.06876520605550872,1.0
medium,0,1.0,event_triggered_no_stability,36,7.059523809523809,7.059523809523809,0,6.987952760287694e-05,1.0
medium,0,1.0,event_triggered_no_stability,37,7.117521367521368,7.117521367521368,0,0.04769613393224203,1.0
medium,0,1.0,event_triggered_no_stability,38,7.022222222222221,7.022222222222221,0,5.8486312627792356e-05,1.0
medium,0,1.0,event_triggered_no_stability,39,7.0,7.0,0,5.87186465660731e-05,1.0
medium,0,1.0,mpc,20,1000022.6161982475,1000012.1111755235,61,9.248447087075975e-05,0.0
medium,0,1.0,mpc,21,1000032.0821707536,1000010.7886904761,92,8.859345689415932e-05,0.0
medium,0,1.0,mpc,22,1000022.0357478296,1000010.8250434783,70,8.788332343101501e-05,0.0
medium,0,1.0,mpc,23,1000027.7518750769,1000010.9608036891,126,8.835488309462865e-05,0.0
medium,0,1.0,mpc,24,1000027.0075474529,1000011.4678847721,114,8.938834071159363e-05,0.0
medium,0,1.0,mpc,25,1000025.6604377938,1000010.7532467532,55,9.046388523919242e-05,0.0
medium,0,1.0,mpc,26,1000020.8019344275,1000009.4772256729,58,8.410546514723037e-05,0.0
medium,0,1.0,mpc,27,1000018.8895868079,1000011.2415458937,48,8.926209476259019e-05,0.0
medium,0,1.0,mpc,28,1000022.8565435748,1000008.9641148325,110,8.587033620902471e-05,0.0
medium,0,1.0,mpc,29,1000021.9905664165,1000010.5579710145,47,8.859982093175252e-05,0.0
medium,0,1.0,mpc,30,1000023.2037474334,1000007.75,73,8.305395022034645e-05,0.0
medium,0,1.0,mpc,31,1000030.5155968212,1000011.3260869564,97,9.481236338615417e-05,0.0
medium,0,1.0,mpc,32,1000022.6454280459,1000008.9592680047,86,8.625503290783276e-05,0.0
medium,0,1.0,mpc,33,1000026.7156689372,1000008.8121693122,81,8.873724275165134e-05,0.0
medium,0,1.0,mpc,34,1000027.3009331129,1000011.1956521738,57,9.447584549585979e-05,0.0
medium,0,1.0,mpc,35,1000029.4380801871,1000011.2901052891,105,8.801826172404819e-05,0.0
medium,0,1.0,mpc,36,1000026.5845485994,1000012.9696703296,60,9.25686742578234e-05,0.0
medium,0,1.0,mpc,37,1000019.564739454,1000009.8277135908,79,8.348461527090806e-05,0.0
medium,0,1.0,mpc,38,1000026.5920681092,1000012.5093333333,133,9.226401646931967e-05,0.0
medium,0,1.0,mpc,39,1000027.0406606545,1000011.0,67,9.334149459997813e-05,0.0
medium,0,1.0,sarcrp,20,7.055555555555556,7.055555555555556,0,6.0961064365175036e-05,1.0
medium,0,1.0,sarcrp,21,7.048611111111111,7.048611111111111,0,0.08426974015310407,1.0
medium,0,1.0,sarcrp,22,7.066666666666667,7.066666666666667,0,6.342120468616486e-05,1.0
medium,0,1.0,sarcrp,23,7.020833333333333,7.020833333333333,0,5.708076059818268e-05,1.0
medium,0,1.0,sarcrp,24,7.076388888888888,7.076388888888888,0,0.05245836234341065,1.0
medium,0,1.0,sarcrp,25,7.095238095238095,7.095238095238095,0,6.51606491633824e-05,1.0
medium,0,1.0,sarcrp,26,7.061728395061729,7.061728395061729,0,6.284647517734104e-05,1.0
medium,0,1.0,sarcrp,27,7.0092592592592595,7.0092592592592595,0,6.03310763835907e-05,1.0
medium,0,1.0,sarcrp,28,7.053571428571429,7.053571428571429,0,0.04399250128439495,1.0
medium,0,1.0,sarcrp,29,7.027777777777778,7.027777777777778,0,6.02230429649353e-05,1.0
medium,0,1.0,sarcrp,30,7.0,7.0,0,5.6474003940820694e-05,1.0
medium,0,1.0,sarcrp,31,7.066666666666667,7.066666666666667,0,0.06938766874372959,1.0
medium,0,1.0,sarcrp,32,7.126262626262626,7.126262626262626,0,0.11207677830349315,1.0
medium,0,1.0,sarcrp,33,7.052469135802468,7.052469135802468,0,0.14301950774259037,1.0
medium,0,1.0,sarcrp,34,7.013888888888888,7.013888888888888,0,6.607547402381897e-05,1.0
medium,0,1.0,sarcrp,35,7.064814814814815,7.064814814814815,0,0.06922421190473768,1.0
medium,0,1.0,sarcrp,36,7.059523809523809,7.059523809523809,0,6.0692961726869855e-05,1.0
medium,0,1.0,sarcrp,37,7.117521367521368,7.117521367521368,0,0.05195128860381933,1.0
medium,0,1.0,sarcrp,38,7.022222222222221,7.022222222222221,0,6.110742688179017e-05,1.0
medium,0,1.0,sarcrp,39,7.0,7.0,0,6.027643879254659e-05,1.0
medium,3,0.0,static,20,7.055555555555556,7.055555555555556,0,2.1855036417643228e-07,1.0
medium,3,0.0,static,21,7.048611111111111,7.048611111111111,0,2.1513551473617554e-07,1.0
medium,3,0.0,static,22,7.066666666666667,7.066666666666667,0,1.870095729827881e-07,1.0
medium,3,0.0,static,23,7.020833333333333,7.020833333333333,0,1.7664084831873575e-07,1.0
medium,3,0.0,static,24,7.076388888888888,7.076388888888888,0,2.008552352587382e-07,1.0
medium,3,0.0,static,25,7.095238095238095,7.095238095238095,0,2.1819557462419782e-07,1.0
medium,3,0.0,static,26,7.061728395061729,7.061728395061729,0,1.8874804178873697e-07,1.0
medium,3,0.0,static,27,7.0092592592592595,7.0092592592592595,0,1.817113823360867e-07,1.0
medium,3,0.0,static,28,7.053571428571429,7.053571428571429,0,1.852001462663923e-07,1.0
medium,3,0.0,static,29,7.027777777777778,7.027777777777778,0,2.1730860074361166e-07,1.0
medium,3,0.0,static,30,7.0,7.0,0,1.8673017621040344e-07,1.0
medium,3,0.0,static,31,7.066666666666667,7.066666666666667,0,1.9632279872894288e-07,1.0
medium,3,0.0,static,32,7.126262626262626,7.126262626262626,0,1.9608573480085892e-07,1.0
medium,3,0.0,static,33,7.052469135802468,7.052469135802468,0,1.9826822810702853e-07,1.0
medium,3,0.0,static,34,7.013888888888888,7.013888888888888,0,2.2103389104207358e-07,1.0
medium,3,0.0,static,35,7.064814814814815,7.064814814814815,0,2.02407439549764e-07,1.0
medium,3,0.0,static,36,7.059523809523809,7.059523809523809,0,1.8786106790815082e-07,1.0
medium,3,0.0,static,37,7.117521367521368,7.117521367521368,0,1.770945695730356e-07,1.0
medium,3,0.0,static,38,7.022222222222221,7.022222222222221,0,1.7558534940083821e-07,1.0
medium,3,0.0,static,39,7.0,7.0,0,1.9495685895284018e-07,1.0
medium,3,0.0,full_reopt,20,17.045048068681265,8.052680311890839,46,9.127250976032681e-05,0.0
medium,3,0.0,full_reopt,21,29.105354890384852,6.763774671052632,79,8.652592077851295e-05,0.0
medium,3,0.0,full_reopt,22,18.885856658365476,6.8052777777777775,65,8.562952280044556e-05,0.0
medium,3,0.0,full_reopt,23,24.867547844800963,6.9379084967320255,111,8.588998268047969e-05,0.0
medium,3,0.0,full_reopt,24,23.668219022918905,7.4356641962340495,97,8.413661271333694e-05,0.0
medium,3,0.0,full_reopt,25,19.362698553598868,6.722689075630252,38,8.237840873854501e-05,0.0
medium,3,0.0,full_reopt,26,20.65314959011075,5.454089506172839,60,8.286287387212117e-05,0.0
medium,3,0.0,full_reopt,27,15.4958712031151,7.231481481481483,46,8.860975503921509e-05,0.0
medium,3,0.0,full_reopt,28,19.900167560305086,4.939975990396158,98,7.909882281507765e-05,0.0
medium,3,0.0,full_reopt,29,13.985077369858395,6.527777777777778,30,8.253691097100575e-05,0.0
medium,3,0.0,full_reopt,30,24.280714283211093,3.75,75,7.471349090337753e-05,0.0
medium,3,0.0,full_reopt,31,31.085932856041563,7.305555555555555,95,8.648186922073364e-05,0.0
medium,3,0.0,full_reopt,32,22.904640095627926,4.919953208556151,88,8.443810723044656e-05,0.0
medium,3,0.0,full_reopt,33,25.175025716570403,4.788194444444445,76,7.71842896938324e-05,0.0
medium,3,0.0,full_reopt,34,22.4117757379817,7.1805555555555545,46,8.333598574002583e-05,0.0
medium,3,0.0,full_reopt,35,25.671958855234557,7.250350413069713,88,8.464563224050734e-05,0.0
medium,3,0.0,full_reopt,36,23.119060313145205,8.90969387755102,54,9.381079248019628e-05,0.0
medium,3,0.0,full_reopt,37,15.117825406515182,5.785595776772246,64,8.148871935330905e-05,0.0
medium,3,0.0,full_reopt,38,23.909719205209687,8.486666666666668,122,8.732080459594727e-05,0.0
medium,3,0.0,full_reopt,39,20.6762949362636,7.0,52,8.375383913516998e-05,0.0
medium,3,0.0,periodic,20,9.80236207381556,7.609649122807018,11,1.1131581332948474e-05,0.8888888888888888
medium,3,0.0,periodic,21,11.830610914628794,7.013888888888888,16,1.1926982551813126e-05,0.875
medium,3,0.0,periodic,22,14.896728287699409,7.705263157894737,33,1.9836798310279845e-05,0.8
medium,3,0.0,periodic,23,13.431175772777998,7.604575163398692,32,1.5601205329100292e-05,0.8333333333333334
medium,3,0.0,periodic,24,14.905014667414036,7.991593567251461,35,1.748868574698766e-05,0.8333333333333334
medium,3,0.0,periodic,25,12.553365832360317,6.6232492997198875,16,1.3293964522225516e-05,0.8571428571428571
medium,3,0.0,periodic,26,9.601117121017124,5.385802469135802,17,9.190291166305542e-06,0.8888888888888888
medium,3,0.0,periodic,27,10.171749656918756,8.119444444444445,13,1.0726766453848944e-05,0.8888888888888888
medium,3,0.0,periodic,28,8.585964374252432,4.868939883645766,28,1.1705926486424037e-05,0.8571428571428571
medium,3,0.0,periodic,29,9.45097152174076,6.694444444444444,10,1.5114744504292807e-05,0.8333333333333334
medium,3,0.0,periodic,30,11.930644772029144,6.5,17,1.0987743735313416e-05,0.875
medium,3,0.0,periodic,31,15.150046380834407,6.5058823529411764,33,1.759044826030731e-05,0.8
medium,3,0.0,periodic,32,11.401899909670947,5.884135472370766,30,1.546097072688016e-05,0.8181818181818182
medium,3,0.0,periodic,33,10.26436375255363,5.943287037037036,16,9.511493974261814e-06,0.8888888888888888
medium,3,0.0,periodic,34,12.901663128283717,7.6805555555555545,15,1.6108155250549316e-05,0.8333333333333334
medium,3,0.0,periodic,35,11.014725927904335,8.181481481481482,15,1.0655572017033895e-05,0.8888888888888888
medium,3,0.0,periodic,36,11.590851314503936,8.343537414965986,13,1.4715961047581264e-05,0.8571428571428571
medium,3,0.0,periodic,37,9.515539778036866,5.708371040723981,25,1.3694453697938185e-05,0.8461538461538461
medium,3,0.0,periodic,38,13.442418495435646,8.154152046783626,40,1.8596152464548747e-05,0.8
medium,3,0.0,periodic,39,10.447050959800473,6.666666666666667,12,1.4698132872581482e-05,0.8333333333333334
medium,3,0.0,event_triggered_no_stability,20,7.055555555555556,7.055555555555556,0,5.992874503135681e-05,1.0
medium,3,0.0,event_triggered_no_stability,21,7.048611111111111,7.048611111111111,0,0.0781145403161645,1.0
medium,3,0.0,event_triggered_no_stability,22,7.066666666666667,7.066666666666667,0,6.435401737689972e-05,1.0
medium,3,0.0,event_triggered_no_stability,23,7.020833333333333,7.020833333333333,0,5.922839045524597e-05,1.0
medium,3,0.0,event_triggered_no_stability,24,7.076388888888888,7.076388888888888,0,0.05342095748831829,1.0
medium,3,0.0,event_triggered_no_stability,25,7.095238095238095,7.095238095238095,0,6.060408694403512e-05,1.0
medium,3,0.0,event_triggered_no_stability,26,7.061728395061729,7.061728395061729,0,5.806444419754876e-05,1.0
medium,3,0.0,event_triggered_no_stability,27,7.0092592592592595,7.0092592592592595,0,6.308986081017388e-05,1.0
medium,3,0.0,event_triggered_no_stability,28,7.053571428571429,7.053571428571429,0,0.048283563394631655,1.0
medium,3,0.0,event_triggered_no_stability,29,7.027777777777778,7.027777777777778,0,6.117050846417745e-05,1.0
medium,3,0.0,event_triggered_no_stability,30,7.0,7.0,0,5.7646073400974274e-05,1.0
medium,3,0.0,event_triggered_no_stability,31,7.066666666666667,7.066666666666667,0,0.06346063688397408,1.0
medium,3,0.0,event_triggered_no_stability,32,7.126262626262626,7.126262626262626,0,0.12057094343683937,1.0
medium,3,0.0,event_triggered_no_stability,33,7.052469135802468,7.052469135802468,0,0.13957488371266258,1.0
medium,3,0.0,event_triggered_no_stability,34,7.013888888888888,7.013888888888888,0,6.592025359471639e-05,1.0
medium,3,0.0,event_triggered_no_stability,35,7.064814814814815,7.064814814814815,0,0.07666500616404745,1.0
medium,3,0.0,event_triggered_no_stability,36,7.059523809523809,7.059523809523809,0,6.384615387235369e-05,1.0
medium,3,0.0,event_triggered_no_stability,37,7.117521367521368,7.117521367521368,0,0.049633811586178266,1.0
medium,3,0.0,event_triggered_no_stability,38,7.022222222222221,7.022222222222221,0,5.90821107228597e-05,1.0
medium,3,0.0,event_triggered_no_stability,39,7.0,7.0,0,5.913836260636648e-05,1.0
medium,3,0.0,mpc,20,1000022.6161982475,1000012.1111755235,61,9.096951948271858e-05,0.0
medium,3,0.0,mpc,21,1000032.0821707536,1000010.7886904761,92,8.718809112906456e-05,0.0
medium,3,0.0,mpc,22,1000022.0357478296,1000010.8250434783,70,8.725151419639588e-05,0.0
medium,3,0.0,mpc,23,1000027.7518750769,1000010.9608036891,126,8.839772393306096e-05,0.0
medium,3,0.0,mpc,24,1000027.0075474529,1000011.4678847721,114,8.825678378343582e-05,0.0
medium,3,0.0,mpc,25,1000025.6604377938,1000010.7532467532,55,9.154581597873143e-05,0.0
medium,3,0.0,mpc,26,1000020.8019344275,1000009.4772256729,58,9.0352776977751e-05,0.0
medium,3,0.0,mpc,27,1000018.8895868079,1000011.2415458937,48,9.322414795557658e-05,0.0
medium,3,0.0,mpc,28,1000022.8565435748,1000008.9641148325,110,8.908393127577645e-05,0.0
medium,3,0.0,mpc,29,1000021.9905664165,1000010.5579710145,47,9.549284974733989e-05,0.0
medium,3,0.0,mpc,30,1000023.2037474334,1000007.75,73,8.718529716134071e-05,0.0
medium,3,0.0,mpc,31,1000030.5155968212,1000011.3260869564,97,8.95332545042038e-05,0.0
medium,3,0.0,mpc,32,1000022.6454280459,1000008.9592680047,86,8.900869976390491e-05,0.0
medium,3,0.0,mpc,33,1000026.7156689372,1000008.8121693122,81,9.103036589092678e-05,0.0
medium,3,0.0,mpc,34,1000027.3009331129,1000011.1956521738,57,9.710403780142467e-05,0.0
medium,3,0.0,mpc,35,1000029.4380801871,1000011.2901052891,105,9.621638390753005e-05,0.0
medium,3,0.0,mpc,36,1000026.5845485994,1000012.9696703296,60,0.0001020559242793492,0.0
medium,3,0.0,mpc,37,1000019.564739454,1000009.8277135908,79,9.429626739942111e-05,0.0
medium,3,0.0,mpc,38,1000026.5920681092,1000012.5093333333,133,9.082704782485962e-05,0.0
medium,3,0.0,mpc,39,1000027.0406606545,1000011.0,67,8.842473228772481e-05,0.0
medium,3,0.0,sarcrp,20,7.055555555555556,7.055555555555556,0,5.889642569753859e-05,1.0
medium,3,0.0,sarcrp,21,7.048611111111111,7.048611111111111,0,0.07903745723888278,1.0
medium,3,0.0,sarcrp,22,7.066666666666667,7.066666666666667,0,6.212815642356873e-05,1.0
medium,3,0.0,sarcrp,23,7.020833333333333,7.020833333333333,0,6.35857383410136e-05,1.0
medium,3,0.0,sarcrp,24,7.076388888888888,7.076388888888888,0,0.058398841259380184,1.0
medium,3,0.0,sarcrp,25,7.095238095238095,7.095238095238095,0,6.351247429847717e-05,1.0
medium,3,0.0,sarcrp,26,7.061728395061729,7.061728395061729,0,5.734380748536852e-05,1.0
medium,3,0.0,sarcrp,27,7.0092592592592595,7.0092592592592595,0,5.85739811261495e-05,1.0
medium,3,0.0,sarcrp,28,7.053571428571429,7.053571428571429,0,0.04393138124474457,1.0
medium,3,0.0,sarcrp,29,7.027777777777778,7.027777777777778,0,6.001939376195272e-05,1.0
medium,3,0.0,sarcrp,30,7.0,7.0,0,5.6840479373931885e-05,1.0
medium,3,0.0,sarcrp,31,7.066666666666667,7.066666666666667,0,0.06354871168732643,1.0
medium,3,0.0,sarcrp,32,7.126262626262626,7.126262626262626,0,0.11965469778938727,1.0
medium,3,0.0,sarcrp,33,7.052469135802468,7.052469135802468,0,0.1449686818652683,1.0
medium,3,0.0,sarcrp,34,7.013888888888888,7.013888888888888,0,6.874340275923412e-05,1.0
medium,3,0.0,sarcrp,35,7.064814814814815,7.064814814814815,0,0.07059875254829724,1.0
medium,3,0.0,sarcrp,36,7.059523809523809,7.059523809523809,0,6.0382166079112464e-05,1.0
medium,3,0.0,sarcrp,37,7.117521367521368,7.117521367521368,0,0.049684435702287234,1.0
medium,3,0.0,sarcrp,38,7.022222222222221,7.022222222222221,0,6.449793775876363e-05,1.0
medium,3,0.0,sarcrp,39,7.0,7.0,0,6.0581291715304055e-05,1.0
medium,3,0.5,static,20,7.055555555555556,7.055555555555556,0,2.3138191964891223e-07,1.0
medium,3,0.5,static,21,7.048611111111111,7.048611111111111,0,2.0721927285194397e-07,1.0
medium,3,0.5,static,22,7.066666666666667,7.066666666666667,0,2.0600855350494384e-07,1.0
medium,3,0.5,static,23,7.020833333333333,7.020833333333333,0,1.961986223856608e-07,1.0
medium,3,0.5,static,24,7.076388888888888,7.076388888888888,0,1.9961347182591757e-07,1.0
medium,3,0.5,static,25,7.095238095238095,7.095238095238095,0,2.3043581417628696e-07,1.0
medium,3,0.5,static,26,7.061728395061729,7.061728395061729,0,1.8667843606736926e-07,1.0
medium,3,0.5,static,27,7.0092592592592595,7.0092592592592595,0,2.0116567611694336e-07,1.0
medium,3,0.5,static,28,7.053571428571429,7.053571428571429,0,1.883932522365025e-07,1.0
medium,3,0.5,static,29,7.027777777777778,7.027777777777778,0,2.0178655783335367e-07,1.0
medium,3,0.5,static,30,7.0,7.0,0,1.993030309677124e-07,1.0
medium,3,0.5,static,31,7.066666666666667,7.066666666666667,0,1.862645149230957e-07,1.0
medium,3,0.5,static,32,7.126262626262626,7.126262626262626,0,2.0218166438016025e-07,1.0
medium,3,0.5,static,33,7.052469135802468,7.052469135802468,0,1.941290166642931e-07,1.0
medium,3,0.5,static,34,7.013888888888888,7.013888888888888,0,2.2786358992258707e-07,1.0
medium,3,0.5,static,35,7.064814814814815,7.064814814814815,0,1.870923572116428e-07,1.0
medium,3,0.5,static,36,7.059523809523809,7.059523809523809,0,2.0808407238551547e-07,1.0
medium,3,0.5,static,37,7.117521367521368,7.117521367521368,0,1.7996017749492938e-07,1.0
medium,3,0.5,static,38,7.022222222222221,7.022222222222221,0,1.8502275149027506e-07,1.0
medium,3,0.5,static,39,7.0,7.0,0,2.1668771902720133e-07,1.0
medium,3,0.5,full_reopt,20,17.045048068681265,8.052680311890839,46,8.636092146237691e-05,0.0
medium,3,0.5,full_reopt,21,29.105354890384852,6.763774671052632,79,8.243415504693985e-05,0.0
medium,3,0.5,full_reopt,22,18.885856658365476,6.8052777777777775,65,8.326433598995208e-05,0.0
medium,3,0.5,full_reopt,23,24.867547844800963,6.9379084967320255,111,8.35927203297615e-05,0.0
medium,3,0.5,full_reopt,24,23.668219022918905,7.4356641962340495,97,8.79845271507899e-05,0.0
medium,3,0.5,full_reopt,25,19.362698553598868,6.722689075630252,38,8.308674607958113e-05,0.0
medium,3,0.5,full_reopt,26,20.65314959011075,5.454089506172839,60,7.925472325748867e-05,0.0
medium,3,0.5,full_reopt,27,15.4958712031151,7.231481481481483,46,8.47337974442376e-05,0.0
medium,3,0.5,full_reopt,28,19.900167560305086,4.939975990396158,98,7.80932605266571e-05,0.0
medium,3,0.5,full_reopt,29,13.985077369858395,6.527777777777778,30,8.299263815085094e-05,0.0
medium,3,0.5,full_reopt,30,24.280714283211093,3.75,75,7.455423474311829e-05,0.0
medium,3,0.5,full_reopt,31,31.085932856041563,7.305555555555555,95,8.59621912240982e-05,0.0
medium,3,0.5,full_reopt,32,22.904640095627926,4.919953208556151,88,8.290769024328752e-05,0.0
medium,3,0.5,full_reopt,33,25.175025716570403,4.788194444444445,76,7.799391945203145e-05,0.0
medium,3,0.5,full_reopt,34,22.4117757379817,7.1805555555555545,46,8.491861323515575e-05,0.0
medium,3,0.5,full_reopt,35,25.671958855234557,7.250350413069713,88,8.478264013926189e-05,0.0
medium,3,0.5,full_reopt,36,23.119060313145205,8.90969387755102,54,8.926913142204285e-05,0.0
medium,3,0.5,full_reopt,37,15.117825406515182,5.785595776772246,64,8.408266764420729e-05,0.0
medium,3,0.5,full_reopt,38,23.909719205209687,8.486666666666668,122,8.785823980967204e-05,0.0
medium,3,0.5,full_reopt,39,20.6762949362636,7.0,52,8.985896905263265e-05,0.0
medium,3,0.5,periodic,20,9.80236207381556,7.609649122807018,11,1.0523945093154907e-05,0.8888888888888888
medium,3,0.5,periodic,21,11.830610914628794,7.013888888888888,16,1.168111339211464e-05,0.875
medium,3,0.5,periodic,22,14.896728287699409,7.705263157894737,33,1.862458884716034e-05,0.8
medium,3,0.5,periodic,23,13.431175772777998,7.604575163398692,32,1.5577301383018494e-05,0.8333333333333334
medium,3,0.5,periodic,24,14.905014667414036,7.991593567251461,35,1.581354687611262e-05,0.8333333333333334
medium,3,0.5,periodic,25,12.553365832360317,6.6232492997198875,16,1.2730913502829416e-05,0.8571428571428571
medium,3,0.5,periodic,26,9.601117121017124,5.385802469135802,17,9.360826677746243e-06,0.8888888888888888
medium,3,0.5,periodic,27,10.171749656918756,8.119444444444445,13,1.1660572555330065e-05,0.8888888888888888
medium,3,0.5,periodic,28,8.585964374252432,4.868939883645766,28,1.419415431363242e-05,0.8571428571428571
medium,3,0.5,periodic,29,9.45097152174076,6.694444444444444,10,1.5636906027793884e-05,0.8333333333333334
medium,3,0.5,periodic,30,11.930644772029144,6.5,17,1.1723022907972336e-05,0.875
medium,3,0.5,periodic,31,15.150046380834407,6.5058823529411764,33,1.763775944709778e-05,0.8
medium,3,0.5,periodic,32,11.401899909670947,5.884135472370766,30,1.522932540286671e-05,0.8181818181818182
medium,3,0.5,periodic,33,10.26436375255363,5.943287037037036,16,9.763571951124402e-06,0.8888888888888888
medium,3,0.5,periodic,34,12.901663128283717,7.6805555555555545,15,1.6381343205769856e-05,0.8333333333333334
medium,3,0.5,periodic,35,11.014725927904335,8.181481481481482,15,1.0738770167032877e-05,0.8888888888888888
medium,3,0.5,periodic,36,11.590851314503936,8.343537414965986,13,1.4537147113255092e-05,0.8571428571428571
medium,3,0.5,periodic,37,9.515539778036866,5.708371040723981,25,1.295971182676462e-05,0.8461538461538461
medium,3,0.5,periodic,38,13.442418495435646,8.154152046783626,40,2.0647545655568442e-05,0.8
medium,3,0.5,periodic,39,10.447050959800473,6.666666666666667,12,1.5967215100924175e-05,0.8333333333333334
medium,3,0.5,event_triggered_no_stability,20,7.055555555555556,7.055555555555556,0,6.30488826168908e-05,1.0
medium,3,0.5,event_triggered_no_stability,21,7.048611111111111,7.048611111111111,0,0.08525889413431287,1.0
medium,3,0.5,event_triggered_no_stability,22,7.066666666666667,7.066666666666667,0,6.270445883274078e-05,1.0
medium,3,0.5,event_triggered_no_stability,23,7.020833333333333,7.020833333333333,0,5.931903918584188e-05,1.0
medium,3,0.5,event_triggered_no_stability,24,7.076388888888888,7.076388888888888,0,0.053410896100103855,1.0
medium,3,0.5,event_triggered_no_stability,25,7.095238095238095,7.095238095238095,0,6.084250552313668e-05,1.0
medium,3,0.5,event_triggered_no_stability,26,7.061728395061729,7.061728395061729,0,5.887531571918064e-05,1.0
medium,3,0.5,event_triggered_no_stability,27,7.0092592592592595,7.0092592592592595,0,5.766501029332479e-05,1.0
medium,3,0.5,event_triggered_no_stability,28,7.053571428571429,7.053571428571429,0,0.048443381009357314,1.0
medium,3,0.5,event_triggered_no_stability,29,7.027777777777778,7.027777777777778,0,6.108544766902924e-05,1.0
medium,3,0.5,event_triggered_no_stability,30,7.0,7.0,0,5.764700472354889e-05,1.0
medium,3,0.5,event_triggered_no_stability,31,7.066666666666667,7.066666666666667,0,0.06412207670509815,1.0
medium,3,0.5,event_triggered_no_stability,32,7.126262626262626,7.126262626262626,0,0.11982348561286926,1.0
medium,3,0.5,event_triggered_no_stability,33,7.052469135802468,7.052469135802468,0,0.1403254262275166,1.0
medium,3,0.5,event_triggered_no_stability,34,7.013888888888888,7.013888888888888,0,6.110345323880513e-05,1.0
medium,3,0.5,event_triggered_no_stability,35,7.064814814814815,7.064814814814815,0,0.07752021526296933,1.0
medium,3,0.5,event_triggered_no_stability,36,7.059523809523809,7.059523809523809,0,6.136617490223475e-05,1.0
medium,3,0.5,event_triggered_no_stability,37,7.117521367521368,7.117521367521368,0,0.04982878382389362,1.0
medium,3,0.5,event_triggered_no_stability,38,7.022222222222221,7.022222222222221,0,6.193841497103373e-05,1.0
medium,3,0.5,event_triggered_no_stability,39,7.0,7.0,0,5.8791289726893105e-05,1.0
medium,3,0.5,mpc,20,1000022.6161982475,1000012.1111755235,61,9.196996688842773e-05,0.0
medium,3,0.5,mpc,21,1000032.0821707536,1000010.7886904761,92,9.156577289104462e-05,0.0
medium,3,0.5,mpc,22,1000022.0357478296,1000010.8250434783,70,8.65444540977478e-05,0.0
medium,3,0.5,mpc,23,1000027.7518750769,1000010.9608036891,126,8.70457539955775e-05,0.0
medium,3,0.5,mpc,24,1000027.0075474529,1000011.4678847721,114,9.598738203446071e-05,0.0
medium,3,0.5,mpc,25,1000025.6604377938,1000010.7532467532,55,9.138775723321097e-05,0.0
medium,3,0.5,mpc,26,1000020.8019344275,1000009.4772256729,58,8.327141404151917e-05,0.0
medium,3,0.5,mpc,27,1000018.8895868079,1000011.2415458937,48,8.78804259830051e-05,0.0
medium,3,0.5,mpc,28,1000022.8565435748,1000008.9641148325,110,8.036701806953975e-05,0.0
medium,3,0.5,mpc,29,1000021.9905664165,1000010.5579710145,47,8.907541632652283e-05,0.0
medium,3,0.5,mpc,30,1000023.2037474334,1000007.75,73,7.95908272266388e-05,0.0
medium,3,0.5,mpc,31,1000030.5155968212,1000011.3260869564,97,8.93421471118927e-05,0.0
medium,3,0.5,mpc,32,1000022.6454280459,1000008.9592680047,86,8.560683239590038e-05,0.0
medium,3,0.5,mpc,33,1000026.7156689372,1000008.8121693122,81,8.173659443855286e-05,0.0
medium,3,0.5,mpc,34,1000027.3009331129,1000011.1956521738,57,9.635525445143382e-05,0.0
medium,3,0.5,mpc,35,1000029.4380801871,1000011.2901052891,105,9.628261129061381e-05,0.0
medium,3,0.5,mpc,36,1000026.5845485994,1000012.9696703296,60,0.00010186008044651576,0.0
medium,3,0.5,mpc,37,1000019.564739454,1000009.8277135908,79,9.113521530078008e-05,0.0
medium,3,0.5,mpc,38,1000026.5920681092,1000012.5093333333,133,9.861166278521219e-05,0.0
medium,3,0.5,mpc,39,1000027.0406606545,1000011.0,67,9.438581764698029e-05,0.0
medium,3,0.5,sarcrp,20,7.055555555555556,7.055555555555556,0,6.370122234026591e-05,1.0
medium,3,0.5,sarcrp,21,7.048611111111111,7.048611111111111,0,0.07865872466936707,1.0
medium,3,0.5,sarcrp,22,7.066666666666667,7.066666666666667,0,5.874224007129669e-05,1.0
medium,3,0.5,sarcrp,23,7.020833333333333,7.020833333333333,0,5.708572765191396e-05,1.0
medium,3,0.5,sarcrp,24,7.076388888888888,7.076388888888888,0,0.058202158038814865,1.0
medium,3,0.5,sarcrp,25,7.095238095238095,7.095238095238095,0,6.019590156418937e-05,1.0
medium,3,0.5,sarcrp,26,7.061728395061729,7.061728395061729,0,5.7980004284116956e-05,1.0
medium,3,0.5,sarcrp,27,7.0092592592592595,7.0092592592592595,0,6.060136689080132e-05,1.0
medium,3,0.5,sarcrp,28,7.053571428571429,7.053571428571429,0,0.04388099616127355,1.0
medium,3,0.5,sarcrp,29,7.027777777777778,7.027777777777778,0,6.491442521413167e-05,1.0
medium,3,0.5,sarcrp,30,7.0,7.0,0,6.095739081501961e-05,1.0
medium,3,0.5,sarcrp,31,7.066666666666667,7.066666666666667,0,0.07052183598279953,1.0
medium,3,0.5,sarcrp,32,7.126262626262626,7.126262626262626,0,0.11377724327824333,1.0
medium,3,0.5,sarcrp,33,7.052469135802468,7.052469135802468,0,0.14517896912164158,1.0
medium,3,0.5,sarcrp,34,7.013888888888888,7.013888888888888,0,6.470332543055217e-05,1.0
medium,3,0.5,sarcrp,35,7.064814814814815,7.064814814814815,0,0.07005067749155892,1.0
medium,3,0.5,sarcrp,36,7.059523809523809,7.059523809523809,0,6.14252473626818e-05,1.0
medium,3,0.5,sarcrp,37,7.117521367521368,7.117521367521368,0,0.053888718669231124,1.0
medium,3,0.5,sarcrp,38,7.022222222222221,7.022222222222221,0,5.945339798927307e-05,1.0
medium,3,0.5,sarcrp,39,7.0,7.0,0,6.063344577948252e-05,1.0
medium,3,1.0,static,20,7.055555555555556,7.055555555555556,0,2.60770320892334e-07,1.0
medium,3,1.0,static,21,7.048611111111111,7.048611111111111,0,2.1792948246002197e-07,1.0
medium,3,1.0,static,22,7.066666666666667,7.066666666666667,0,2.127140760421753e-07,1.0
medium,3,1.0,static,23,7.020833333333333,7.020833333333333,0,2.0023435354232788e-07,1.0
medium,3,1.0,static,24,7.076388888888888,7.076388888888888,0,2.070640524228414e-07,1.0
medium,3,1.0,static,25,7.095238095238095,7.095238095238095,0,2.091484410422189e-07,1.0
medium,3,1.0,static,26,7.061728395061729,7.061728395061729,0,2.0903017785814075e-07,1.0
medium,3,1.0,static,27,7.0092592592592595,7.0092592592592595,0,2.0903017785814075e-07,1.0
medium,3,1.0,static,28,7.053571428571429,7.053571428571429,0,2.0435878208705356e-07,1.0
medium,3,1.0,static,29,7.027777777777778,7.027777777777778,0,2.1730860074361166e-07,1.0
medium,3,1.0,static,30,7.0,7.0,0,2.039596438407898e-07,1.0
medium,3,1.0,static,31,7.066666666666667,7.066666666666667,0,1.9259750843048097e-07,1.0
medium,3,1.0,static,32,7.126262626262626,7.126262626262626,0,1.8389387564225632e-07,1.0
medium,3,1.0,static,33,7.052469135802468,7.052469135802468,0,1.7922785547044543e-07,1.0
medium,3,1.0,static,34,7.013888888888888,7.013888888888888,0,2.247591813405355e-07,1.0
medium,3,1.0,static,35,7.064814814814815,7.064814814814815,0,2.1648075845506457e-07,1.0
medium,3,1.0,static,36,7.059523809523809,7.059523809523809,0,2.2617833954947336e-07,1.0
medium,3,1.0,static,37,7.117521367521368,7.117521367521368,0,1.928554131434514e-07,1.0
medium,3,1.0,static,38,7.022222222222221,7.022222222222221,0,1.889963944753011e-07,1.0
medium,3,1.0,static,39,7.0,7.0,0,2.0985802014668783e-07,1.0
medium,3,1.0,full_reopt,20,17.045048068681265,8.052680311890839,46,8.796527981758118e-05,0.0
medium,3,1.0,full_reopt,21,29.105354890384852,6.763774671052632,79,8.279690518975258e-05,0.0
medium,3,1.0,full_reopt,22,18.885856658365476,6.8052777777777775,65,8.485838770866394e-05,0.0
medium,3,1.0,full_reopt,23,24.867547844800963,6.9379084967320255,111,9.038796027501424e-05,0.0
medium,3,1.0,full_reopt,24,23.668219022918905,7.4356641962340495,97,8.727920552094777e-05,0.0
medium,3,1.0,full_reopt,25,19.362698553598868,6.722689075630252,38,8.267589977809362e-05,0.0
medium,3,1.0,full_reopt,26,20.65314959011075,5.454089506172839,60,7.962435483932495e-05,0.0
medium,3,1.0,full_reopt,27,15.4958712031151,7.231481481481483,46,8.353673749499851e-05,0.0
medium,3,1.0,full_reopt,28,19.900167560305086,4.939975990396158,98,7.914352629865919e-05,0.0
medium,3,1.0,full_reopt,29,13.985077369858395,6.527777777777778,30,9.049909810225169e-05,0.0
medium,3,1.0,full_reopt,30,24.280714283211093,3.75,75,7.782550528645515e-05,0.0
medium,3,1.0,full_reopt,31,31.085932856041563,7.305555555555555,95,8.361414074897766e-05,0.0
medium,3,1.0,full_reopt,32,22.904640095627926,4.919953208556151,88,8.050826462832364e-05,0.0
medium,3,1.0,full_reopt,33,25.175025716570403,4.788194444444445,76,8.089385098881192e-05,0.0
medium,3,1.0,full_reopt,34,22.4117757379817,7.1805555555555545,46,8.451069394747417e-05,0.0
medium,3,1.0,full_reopt,35,25.671958855234557,7.250350413069713,88,8.401150504748027e-05,0.0
medium,3,1.0,full_reopt,36,23.119060313145205,8.90969387755102,54,8.924039346831185e-05,0.0
medium,3,1.0,full_reopt,37,15.117825406515182,5.785595776772246,64,8.025049017025874e-05,0.0
medium,3,1.0,full_reopt,38,23.909719205209687,8.486666666666668,122,8.979688088099162e-05,0.0
medium,3,1.0,full_reopt,39,20.6762949362636,7.0,52,8.40798020362854e-05,0.0
medium,3,1.0,periodic,20,9.80236207381556,7.609649122807018,11,1.065143280559116e-05,0.8888888888888888
medium,3,1.0,periodic,21,11.830610914628794,7.013888888888888,16,1.1406838893890381e-05,0.875
medium,3,1.0,periodic,22,14.896728287699409,7.705263157894737,33,1.8808990716934204e-05,0.8
medium,3,1.0,periodic,23,13.431175772777998,7.604575163398692,32,1.6242886583010357e-05,0.8333333333333334
medium,3,1.0,periodic,24,14.905014667414036,7.991593567251461,35,1.642170051733653e-05,0.8333333333333334
medium,3,1.0,periodic,25,12.553365832360317,6.6232492997198875,16,1.2646296194621495e-05,0.8571428571428571
medium,3,1.0,periodic,26,9.601117121017124,5.385802469135802,17,9.181184901131524e-06,0.8888888888888888
medium,3,1.0,periodic,27,10.171749656918756,8.119444444444445,13,1.0874536302354601e-05,0.8888888888888888
medium,3,1.0,periodic,28,8.585964374252432,4.868939883645766,28,1.1578202247619629e-05,0.8571428571428571
medium,3,1.0,periodic,29,9.45097152174076,6.694444444444444,10,1.4892468849817911e-05,0.8333333333333334
medium,3,1.0,periodic,30,11.930644772029144,6.5,17,1.1742580682039261e-05,0.875
medium,3,1.0,periodic,31,15.150046380834407,6.5058823529411764,33,1.9191578030586242e-05,0.8
medium,3,1.0,periodic,32,11.401899909670947,5.884135472370766,30,1.6270374709909614e-05,0.8181818181818182
medium,3,1.0,periodic,33,10.26436375255363,5.943287037037036,16,1.0351339975992838e-05,0.8888888888888888
medium,3,1.0,periodic,34,12.901663128283717,7.6805555555555545,15,1.6997257868448894e-05,0.8333333333333334
medium,3,1.0,periodic,35,11.014725927904335,8.181481481481482,15,1.0687443945142957e-05,0.8888888888888888
medium,3,1.0,periodic,36,11.590851314503936,8.343537414965986,13,1.4421663114002772e-05,0.8571428571428571
medium,3,1.0,periodic,37,9.515539778036866,5.708371040723981,25,1.2996105047372672e-05,0.8461538461538461
medium,3,1.0,periodic,38,13.442418495435646,8.154152046783626,40,1.869450012842814e-05,0.8
medium,3,1.0,periodic,39,10.447050959800473,6.666666666666667,12,1.4566505948702494e-05,0.8333333333333334
medium,3,1.0,event_triggered_no_stability,20,7.055555555555556,7.055555555555556,0,5.963610278235542e-05,1.0
medium,3,1.0,event_triggered_no_stability,21,7.048611111111111,7.048611111111111,0,0.07855982426553965,1.0
medium,3,1.0,event_triggered_no_stability,22,7.066666666666667,7.066666666666667,0,6.220489740371704e-05,1.0
medium,3,1.0,event_triggered_no_stability,23,7.020833333333333,7.020833333333333,0,5.730955551067988e-05,1.0
medium,3,1.0,event_triggered_no_stability,24,7.076388888888888,7.076388888888888,0,0.0535718584433198,1.0
medium,3,1.0,event_triggered_no_stability,25,7.095238095238095,7.095238095238095,0,6.05647053037371e-05,1.0
medium,3,1.0,event_triggered_no_stability,26,7.061728395061729,7.061728395061729,0,5.975945128334893e-05,1.0
medium,3,1.0,event_triggered_no_stability,27,7.0092592592592595,7.0092592592592595,0,5.7635207970937095e-05,1.0
medium,3,1.0,event_triggered_no_stability,28,7.053571428571429,7.053571428571429,0,0.04798885275210653,1.0
medium,3,1.0,event_triggered_no_stability,29,7.027777777777778,7.027777777777778,0,6.5102552374204e-05,1.0
medium,3,1.0,event_triggered_no_stability,30,7.0,7.0,0,6.1065424233675e-05,1.0
medium,3,1.0,event_triggered_no_stability,31,7.066666666666667,7.066666666666667,0,0.06359956227242947,1.0
medium,3,1.0,event_triggered_no_stability,32,7.126262626262626,7.126262626262626,0,0.11927058547735214,1.0
medium,3,1.0,event_triggered_no_stability,33,7.052469135802468,7.052469135802468,0,0.14456740187274086,1.0
medium,3,1.0,event_triggered_no_stability,34,7.013888888888888,7.013888888888888,0,6.639212369918823e-05,1.0
medium,3,1.0,event_triggered_no_stability,35,7.064814814814815,7.064814814814815,0,0.07051786987317933,1.0
medium,3,1.0,event_triggered_no_stability,36,7.059523809523809,7.059523809523809,0,6.152476583208357e-05,1.0
medium,3,1.0,event_triggered_no_stability,37,7.117521367521368,7.117521367521368,0,0.04979811694759589,1.0
medium,3,1.0,event_triggered_no_stability,38,7.022222222222221,7.022222222222221,0,6.156216065088908e-05,1.0
medium,3,1.0,event_triggered_no_stability,39,7.0,7.0,0,5.831010639667511e-05,1.0
medium,3,1.0,mpc,20,1000022.6161982475,1000012.1111755235,61,9.139337473445469e-05,0.0
medium,3,1.0,mpc,21,1000032.0821707536,1000010.7886904761,92,9.049009531736374e-05,0.0
medium,3,1.0,mpc,22,1000022.0357478296,1000010.8250434783,70,8.89711081981659e-05,0.0
medium,3,1.0,mpc,23,1000027.7518750769,1000010.9608036891,126,9.127426892518997e-05,0.0
medium,3,1.0,mpc,24,1000027.0075474529,1000011.4678847721,114,9.05301421880722e-05,0.0
medium,3,1.0,mpc,25,1000025.6604377938,1000010.7532467532,55,8.75342105116163e-05,0.0
medium,3,1.0,mpc,26,1000020.8019344275,1000009.4772256729,58,8.326686090893215e-05,0.0
medium,3,1.0,mpc,27,1000018.8895868079,1000011.2415458937,48,8.868757221433852e-05,0.0
medium,3,1.0,mpc,28,1000022.8565435748,1000008.9641148325,110,8.140185049601964e-05,0.0
medium,3,1.0,mpc,29,1000021.9905664165,1000010.5579710145,47,8.830800652503967e-05,0.0
medium,3,1.0,mpc,30,1000023.2037474334,1000007.75,73,8.064648136496544e-05,0.0
medium,3,1.0,mpc,31,1000030.5155968212,1000011.3260869564,97,9.237527847290039e-05,0.0
medium,3,1.0,mpc,32,1000022.6454280459,1000008.9592680047,86,8.160587061535229e-05,0.0
medium,3,1.0,mpc,33,1000026.7156689372,1000008.8121693122,81,8.122457398308648e-05,0.0
medium,3,1.0,mpc,34,1000027.3009331129,1000011.1956521738,57,8.997196952501933e-05,0.0
medium,3,1.0,mpc,35,1000029.4380801871,1000011.2901052891,105,9.609883030255635e-05,0.0
medium,3,1.0,mpc,36,1000026.5845485994,1000012.9696703296,60,9.896074022565569e-05,0.0
medium,3,1.0,mpc,37,1000019.564739454,1000009.8277135908,79,8.352903219369742e-05,0.0
medium,3,1.0,mpc,38,1000026.5920681092,1000012.5093333333,133,9.150952100753785e-05,0.0
medium,3,1.0,mpc,39,1000027.0406606545,1000011.0,67,8.90735536813736e-05,0.0
medium,3,1.0,sarcrp,20,7.055555555555556,7.055555555555556,0,5.885461966196696e-05,1.0
medium,3,1.0,sarcrp,21,7.048611111111111,7.048611111111111,0,0.08688446693122387,1.0
medium,3,1.0,sarcrp,22,7.066666666666667,7.066666666666667,0,6.516426801681519e-05,1.0
medium,3,1.0,sarcrp,23,7.020833333333333,7.020833333333333,0,6.172650804122289e-05,1.0
medium,3,1.0,sarcrp,24,7.076388888888888,7.076388888888888,0,0.05379585176706314,1.0
medium,3,1.0,sarcrp,25,7.095238095238095,7.095238095238095,0,6.292121750967843e-05,1.0
medium,3,1.0,sarcrp,26,7.061728395061729,7.061728395061729,0,5.888400806321038e-05,1.0
medium,3,1.0,sarcrp,27,7.0092592592592595,7.0092592592592595,0,5.6874420907762316e-05,1.0
medium,3,1.0,sarcrp,28,7.053571428571429,7.053571428571429,0,0.04409985749849251,1.0
medium,3,1.0,sarcrp,29,7.027777777777778,7.027777777777778,0,6.219558417797089e-05,1.0
medium,3,1.0,sarcrp,30,7.0,7.0,0,5.716457962989807e-05,1.0
medium,3,1.0,sarcrp,31,7.066666666666667,7.066666666666667,0,0.06907327696681023,1.0
medium,3,1.0,sarcrp,32,7.126262626262626,7.126262626262626,0,0.11507010866295207,1.0
medium,3,1.0,sarcrp,33,7.052469135802468,7.052469135802468,0,0.1454789808226956,1.0
medium,3,1.0,sarcrp,34,7.013888888888888,7.013888888888888,0,6.0537209113438926e-05,1.0
medium,3,1.0,sarcrp,35,7.064814814814815,7.064814814814815,0,0.07058438865674867,1.0
medium,3,1.0,sarcrp,36,7.059523809523809,7.059523809523809,0,6.601267627307347e-05,1.0
medium,3,1.0,sarcrp,37,7.117521367521368,7.117521367521368,0,0.05419588461518288,1.0
medium,3,1.0,sarcrp,38,7.022222222222221,7.022222222222221,0,5.9860448042551674e-05,1.0
medium,3,1.0,sarcrp,39,7.0,7.0,0,5.8066099882125854e-05,1.0
medium,5,0.0,static,20,7.055555555555556,7.055555555555556,0,2.3138191964891223e-07,1.0
medium,5,0.0,static,21,7.048611111111111,7.048611111111111,0,2.016313374042511e-07,1.0
medium,5,0.0,static,22,7.066666666666667,7.066666666666667,0,2.0042061805725097e-07,1.0
medium,5,0.0,static,23,7.020833333333333,7.020833333333333,0,1.8812716007232666e-07,1.0
medium,5,0.0,static,24,7.076388888888888,7.076388888888888,0,1.825392246246338e-07,1.0
medium,5,0.0,static,25,7.095238095238095,7.095238095238095,0,1.9797257014683316e-07,1.0
medium,5,0.0,static,26,7.061728395061729,7.061728395061729,0,1.8998980522155762e-07,1.0
medium,5,0.0,static,27,7.0092592592592595,7.0092592592592595,0,2.0530488755967883e-07,1.0
medium,5,0.0,static,28,7.053571428571429,7.053571428571429,0,1.9265072686331613e-07,1.0
medium,5,0.0,static,29,7.027777777777778,7.027777777777778,0,2.0799537499745688e-07,1.0
medium,5,0.0,static,30,7.0,7.0,0,1.8300488591194153e-07,1.0
medium,5,0.0,static,31,7.066666666666667,7.066666666666667,0,1.8812716007232666e-07,1.0
medium,5,0.0,static,32,7.126262626262626,7.126262626262626,0,1.9540840929204767e-07,1.0
medium,5,0.0,static,33,7.052469135802468,7.052469135802468,0,2.0157959726121692e-07,1.0
medium,5,0.0,static,34,7.013888888888888,7.013888888888888,0,2.123415470123291e-07,1.0
medium,5,0.0,static,35,7.064814814814815,7.064814814814815,0,1.970264646742079e-07,1.0
medium,5,0.0,static,36,7.059523809523809,7.059523809523809,0,2.091484410422189e-07,1.0
medium,5,0.0,static,37,7.117521367521368,7.117521367521368,0,1.7881393432617188e-07,1.0
medium,5,0.0,static,38,7.022222222222221,7.022222222222221,0,1.7036994298299154e-07,1.0
medium,5,0.0,static,39,7.0,7.0,0,2.0737449328104654e-07,1.0
medium,5,0.0,full_reopt,20,17.045048068681265,8.052680311890839,46,8.725830250316196e-05,0.0
medium,5,0.0,full_reopt,21,29.105354890384852,6.763774671052632,79,8.389679715037346e-05,0.0
medium,5,0.0,full_reopt,22,18.885856658365476,6.8052777777777775,65,8.604340255260467e-05,0.0
medium,5,0.0,full_reopt,23,24.867547844800963,6.9379084967320255,111,8.335616439580917e-05,0.0
medium,5,0.0,full_reopt,24,23.668219022918905,7.4356641962340495,97,9.184330701828003e-05,0.0
medium,5,0.0,full_reopt,25,19.362698553598868,6.722689075630252,38,8.829736283847264e-05,0.0
medium,5,0.0,full_reopt,26,20.65314959011075,5.454089506172839,60,7.908625735176934e-05,0.0
medium,5,0.0,full_reopt,27,15.4958712031151,7.231481481481483,46,8.779267470041911e-05,0.0
medium,5,0.0,full_reopt,28,19.900167560305086,4.939975990396158,98,8.334618593965258e-05,0.0
medium,5,0.0,full_reopt,29,13.985077369858395,6.527777777777778,30,8.51682076851527e-05,0.0
medium,5,0.0,full_reopt,30,24.280714283211093,3.75,75,7.749442011117935e-05,0.0
medium,5,0.0,full_reopt,31,31.085932856041563,7.305555555555555,95,8.78170132637024e-05,0.0
medium,5,0.0,full_reopt,32,22.904640095627926,4.919953208556151,88,7.729029113596135e-05,0.0
medium,5,0.0,full_reopt,33,25.175025716570403,4.788194444444445,76,7.908046245574951e-05,0.0
medium,5,0.0,full_reopt,34,22.4117757379817,7.1805555555555545,46,8.830428123474121e-05,0.0
medium,5,0.0,full_reopt,35,25.671958855234557,7.250350413069713,88,8.466798398229812e-05,0.0
medium,5,0.0,full_reopt,36,23.119060313145205,8.90969387755102,54,8.911266922950745e-05,0.0
medium,5,0.0,full_reopt,37,15.117825406515182,5.785595776772246,64,8.61949072434352e-05,0.0
medium,5,0.0,full_reopt,38,23.909719205209687,8.486666666666668,122,9.055957198143006e-05,0.0
medium,5,0.0,full_reopt,39,20.6762949362636,7.0,52,8.606165647506714e-05,0.0
medium,5,0.0,periodic,20,9.80236207381556,7.609649122807018,11,1.0644810067282782e-05,0.8888888888888888
medium,5,0.0,periodic,21,11.830610914628794,7.013888888888888,16,1.1429190635681152e-05,0.875
medium,5,0.0,periodic,22,14.896728287699409,7.705263157894737,33,1.87847763299942e-05,0.8
medium,5,0.0,periodic,23,13.431175772777998,7.604575163398692,32,1.5485410888989765e-05,0.8333333333333334
medium,5,0.0,periodic,24,14.905014667414036,7.991593567251461,35,1.588215430577596e-05,0.8333333333333334
medium,5,0.0,periodic,25,12.553365832360317,6.6232492997198875,16,1.2772423880440848e-05,0.8571428571428571
medium,5,0.0,periodic,26,9.601117121017124,5.385802469135802,17,9.773506058586969e-06,0.8888888888888888
medium,5,0.0,periodic,27,10.171749656918756,8.119444444444445,13,1.095607876777649e-05,0.8888888888888888
medium,5,0.0,periodic,28,8.585964374252432,4.868939883645766,28,1.187569328716823e-05,0.8571428571428571
medium,5,0.0,periodic,29,9.45097152174076,6.694444444444444,10,1.4737869302431742e-05,0.8333333333333334
medium,5,0.0,periodic,30,11.930644772029144,6.5,17,1.0960269719362259e-05,0.875
medium,5,0.0,periodic,31,15.150046380834407,6.5058823529411764,33,1.8058717250823976e-05,0.8
medium,5,0.0,periodic,32,11.401899909670947,5.884135472370766,30,1.5896829691800203e-05,0.8181818181818182
medium,5,0.0,periodic,33,10.26436375255363,5.943287037037036,16,9.526395135455661e-06,0.8888888888888888
medium,5,0.0,periodic,34,12.901663128283717,7.6805555555555545,15,1.6149133443832397e-05,0.8333333333333334
medium,5,0.0,periodic,35,11.014725927904335,8.181481481481482,15,1.0908891757329306e-05,0.8888888888888888
medium,5,0.0,periodic,36,11.590851314503936,8.343537414965986,13,1.4210385935647147e-05,0.8571428571428571
medium,5,0.0,periodic,37,9.515539778036866,5.708371040723981,25,1.3748900248454167e-05,0.8461538461538461
medium,5,0.0,periodic,38,13.442418495435646,8.154152046783626,40,1.8872072299321493e-05,0.8
medium,5,0.0,periodic,39,10.447050959800473,6.666666666666667,12,1.4896815021832785e-05,0.8333333333333334
medium,5,0.0,event_triggered_no_stability,20,7.055555555555556,7.055555555555556,0,5.985051393508911e-05,1.0
medium,5,0.0,event_triggered_no_stability,21,7.048611111111111,7.048611111111111,0,0.07981391251087189,1.0
medium,5,0.0,event_triggered_no_stability,22,7.066666666666667,7.066666666666667,0,5.966499447822571e-05,1.0
medium,5,0.0,event_triggered_no_stability,23,7.020833333333333,7.020833333333333,0,5.7540833950042725e-05,1.0
medium,5,0.0,event_triggered_no_stability,24,7.076388888888888,7.076388888888888,0,0.05918265165140232,1.0
medium,5,0.0,event_triggered_no_stability,25,7.095238095238095,7.095238095238095,0,6.803816982678004e-05,1.0
medium,5,0.0,event_triggered_no_stability,26,7.061728395061729,7.061728395061729,0,6.69434666633606e-05,1.0
medium,5,0.0,event_triggered_no_stability,27,7.0092592592592595,7.0092592592592595,0,6.046932604577806e-05,1.0
medium,5,0.0,event_triggered_no_stability,28,7.053571428571429,7.053571428571429,0,0.04501059092581272,1.0
medium,5,0.0,event_triggered_no_stability,29,7.027777777777778,7.027777777777778,0,6.104136506716411e-05,1.0
medium,5,0.0,event_triggered_no_stability,30,7.0,7.0,0,5.771731957793236e-05,1.0
medium,5,0.0,event_triggered_no_stability,31,7.066666666666667,7.066666666666667,0,0.06482410319149494,1.0
medium,5,0.0,event_triggered_no_stability,32,7.126262626262626,7.126262626262626,0,0.12148320200768384,1.0
medium,5,0.0,event_triggered_no_stability,33,7.052469135802468,7.052469135802468,0,0.14808982031212914,1.0
medium,5,0.0,event_triggered_no_stability,34,7.013888888888888,7.013888888888888,0,6.144617994626363e-05,1.0
medium,5,0.0,event_triggered_no_stability,35,7.064814814814815,7.064814814814815,0,0.07170303165912628,1.0
medium,5,0.0,event_triggered_no_stability,36,7.059523809523809,7.059523809523809,0,6.0420483350753784e-05,1.0
medium,5,0.0,event_triggered_no_stability,37,7.117521367521368,7.117521367521368,0,0.054360707505391195,1.0
medium,5,0.0,event_triggered_no_stability,38,7.022222222222221,7.022222222222221,0,6.0541431109110516e-05,1.0
medium,5,0.0,event_triggered_no_stability,39,7.0,7.0,0,5.844980478286743e-05,1.0
medium,5,0.0,mpc,20,1000022.6161982475,1000012.1111755235,61,9.057091342078315e-05,0.0
medium,5,0.0,mpc,21,1000032.0821707536,1000010.7886904761,92,8.566025644540787e-05,0.0
medium,5,0.0,mpc,22,1000022.0357478296,1000010.8250434783,70,8.609108626842499e-05,0.0
medium,5,0.0,mpc,23,1000027.7518750769,1000010.9608036891,126,8.880253881216049e-05,0.0
medium,5,0.0,mpc,24,1000027.0075474529,1000011.4678847721,114,8.997817834218343e-05,0.0
medium,5,0.0,mpc,25,1000025.6604377938,1000010.7532467532,55,8.585889424596514e-05,0.0
medium,5,0.0,mpc,26,1000020.8019344275,1000009.4772256729,58,8.713619576560127e-05,0.0
medium,5,0.0,mpc,27,1000018.8895868079,1000011.2415458937,48,9.291908807224697e-05,0.0
medium,5,0.0,mpc,28,1000022.8565435748,1000008.9641148325,110,8.235020296914237e-05,0.0
medium,5,0.0,mpc,29,1000021.9905664165,1000010.5579710145,47,9.246543049812317e-05,0.0
medium,5,0.0,mpc,30,1000023.2037474334,1000007.75,73,7.662316784262657e-05,0.0
medium,5,0.0,mpc,31,1000030.5155968212,1000011.3260869564,97,8.791312575340271e-05,0.0
medium,5,0.0,mpc,32,1000022.6454280459,1000008.9592680047,86,8.767910979010843e-05,0.0
medium,5,0.0,mpc,33,1000026.7156689372,1000008.8121693122,81,8.00271001127031e-05,0.0
medium,5,0.0,mpc,34,1000027.3009331129,1000011.1956521738,57,8.709169924259186e-05,0.0
medium,5,0.0,mpc,35,1000029.4380801871,1000011.2901052891,105,9.151630931430393e-05,0.0
medium,5,0.0,mpc,36,1000026.5845485994,1000012.9696703296,60,9.15857298033578e-05,0.0
medium,5,0.0,mpc,37,1000019.564739454,1000009.8277135908,79,8.308772857372578e-05,0.0
medium,5,0.0,mpc,38,1000026.5920681092,1000012.5093333333,133,9.466732541720072e-05,0.0
medium,5,0.0,mpc,39,1000027.0406606545,1000011.0,67,8.66005818049113e-05,0.0
medium,5,0.0,sarcrp,20,7.055555555555556,7.055555555555556,0,6.150909596019321e-05,1.0
medium,5,0.0,sarcrp,21,7.048611111111111,7.048611111111111,0,0.07929642824456096,1.0
medium,5,0.0,sarcrp,22,7.066666666666667,7.066666666666667,0,5.874522030353546e-05,1.0
medium,5,0.0,sarcrp,23,7.020833333333333,7.020833333333333,0,5.9215351939201355e-05,1.0
medium,5,0.0,sarcrp,24,7.076388888888888,7.076388888888888,0,0.0541885265459617,1.0
medium,5,0.0,sarcrp,25,7.095238095238095,7.095238095238095,0,6.32884246962411e-05,1.0
medium,5,0.0,sarcrp,26,7.061728395061729,7.061728395061729,0,6.188576420148213e-05,1.0
medium,5,0.0,sarcrp,27,7.0092592592592595,7.0092592592592595,0,6.104591819975112e-05,1.0
medium,5,0.0,sarcrp,28,7.053571428571429,7.053571428571429,0,0.04888535078082766,1.0
medium,5,0.0,sarcrp,29,7.027777777777778,7.027777777777778,0,6.277610858281453e-05,1.0
medium,5,0.0,sarcrp,30,7.0,7.0,0,5.6539662182331085e-05,1.0
medium,5,0.0,sarcrp,31,7.066666666666667,7.066666666666667,0,0.06443488262593747,1.0
medium,5,0.0,sarcrp,32,7.126262626262626,7.126262626262626,0,0.12065858156843619,1.0
medium,5,0.0,sarcrp,33,7.052469135802468,7.052469135802468,0,0.14785561420851284,1.0
medium,5,0.0,sarcrp,34,7.013888888888888,7.013888888888888,0,6.108172237873077e-05,1.0
medium,5,0.0,sarcrp,35,7.064814814814815,7.064814814814815,0,0.0713995032840305,1.0
medium,5,0.0,sarcrp,36,7.059523809523809,7.059523809523809,0,5.97547207559858e-05,1.0
medium,5,0.0,sarcrp,37,7.117521367521368,7.117521367521368,0,0.049632069296561755,1.0
medium,5,0.0,sarcrp,38,7.022222222222221,7.022222222222221,0,6.119360526402791e-05,1.0
medium,5,0.0,sarcrp,39,7.0,7.0,0,6.27196083466212e-05,1.0
medium,5,0.5,static,20,7.055555555555556,7.055555555555556,0,2.409021059672038e-07,1.0
medium,5,0.5,static,21,7.048611111111111,7.048611111111111,0,2.3189932107925415e-07,1.0
medium,5,0.5,static,22,7.066666666666667,7.066666666666667,0,1.989305019378662e-07,1.0
medium,5,0.5,static,23,7.020833333333333,7.020833333333333,0,1.999239126841227e-07,1.0
medium,5,0.5,static,24,7.076388888888888,7.076388888888888,0,1.9030024607976279e-07,1.0
medium,5,0.5,static,25,7.095238095238095,7.095238095238095,0,1.836035932813372e-07,1.0
medium,5,0.5,static,26,7.061728395061729,7.061728395061729,0,1.7426080173916287e-07,1.0
medium,5,0.5,static,27,7.0092592592592595,7.0092592592592595,0,1.916454897986518e-07,1.0
medium,5,0.5,static,28,7.053571428571429,7.053571428571429,0,1.3405723231179373e-06,1.0
medium,5,0.5,static,29,7.027777777777778,7.027777777777778,0,2.1358331044514975e-07,1.0
medium,5,0.5,static,30,7.0,7.0,0,1.8952414393424988e-07,1.0
medium,5,0.5,static,31,7.066666666666667,7.066666666666667,0,1.2408941984176637e-06,1.0
medium,5,0.5,static,32,7.126262626262626,7.126262626262626,0,1.862645149230957e-07,1.0
medium,5,0.5,static,33,7.052469135802468,7.052469135802468,0,1.986821492513021e-07,1.0
medium,5,0.5,static,34,7.013888888888888,7.013888888888888,0,2.0364920298258463e-07,1.0
medium,5,0.5,static,35,7.064814814814815,7.064814814814815,0,1.8957588407728406e-07,1.0
medium,5,0.5,static,36,7.059523809523809,7.059523809523809,0,2.0116567611694336e-07,1.0
medium,5,0.5,static,37,7.117521367521368,7.117521367521368,0,2.086162567138672e-07,1.0
medium,5,0.5,static,38,7.022222222222221,7.022222222222221,0,1.979370911916097e-07,1.0
medium,5,0.5,static,39,7.0,7.0,0,2.0489096641540527e-07,1.0
medium,5,0.5,full_reopt,20,17.045048068681265,8.052680311890839,46,8.633691403600905e-05,0.0
medium,5,0.5,full_reopt,21,29.105354890384852,6.763774671052632,79,8.301716297864914e-05,0.0
medium,5,0.5,full_reopt,22,18.885856658365476,6.8052777777777775,65,8.386261761188507e-05,0.0
medium,5,0.5,full_reopt,23,24.867547844800963,6.9379084967320255,111,8.347537368535995e-05,0.0
medium,5,0.5,full_reopt,24,23.668219022918905,7.4356641962340495,97,8.880253881216049e-05,0.0
medium,5,0.5,full_reopt,25,19.362698553598868,6.722689075630252,38,8.563005498477391e-05,0.0
medium,5,0.5,full_reopt,26,20.65314959011075,5.454089506172839,60,7.934247454007466e-05,0.0
medium,5,0.5,full_reopt,27,15.4958712031151,7.231481481481483,46,8.90555481115977e-05,0.0
medium,5,0.5,full_reopt,28,19.900167560305086,4.939975990396158,98,7.824386869158064e-05,0.0
medium,5,0.5,full_reopt,29,13.985077369858395,6.527777777777778,30,8.253132303555806e-05,0.0
medium,5,0.5,full_reopt,30,24.280714283211093,3.75,75,7.834378629922867e-05,0.0
medium,5,0.5,full_reopt,31,31.085932856041563,7.305555555555555,95,8.728839457035064e-05,0.0
medium,5,0.5,full_reopt,32,22.904640095627926,4.919953208556151,88,7.749348878860474e-05,0.0
medium,5,0.5,full_reopt,33,25.175025716570403,4.788194444444445,76,8.166829744974773e-05,0.0
medium,5,0.5,full_reopt,34,22.4117757379817,7.1805555555555545,46,8.925981819629669e-05,0.0
medium,5,0.5,full_reopt,35,25.671958855234557,7.250350413069713,88,8.581206202507019e-05,0.0
medium,5,0.5,full_reopt,36,23.119060313145205,8.90969387755102,54,8.918664285114833e-05,0.0
medium,5,0.5,full_reopt,37,15.117825406515182,5.785595776772246,64,8.47325875208928e-05,0.0
medium,5,0.5,full_reopt,38,23.909719205209687,8.486666666666668,122,8.757611115773519e-05,0.0
medium,5,0.5,full_reopt,39,20.6762949362636,7.0,52,8.581640819708507e-05,0.0
medium,5,0.5,periodic,20,9.80236207381556,7.609649122807018,11,1.1211054192648993e-05,0.8888888888888888
medium,5,0.5,periodic,21,11.830610914628794,7.013888888888888,16,1.3760291039943695e-05,0.875
medium,5,0.5,periodic,22,14.896728287699409,7.705263157894737,33,1.965649425983429e-05,0.8
medium,5,0.5,periodic,23,13.431175772777998,7.604575163398692,32,1.5810752908388775e-05,0.8333333333333334
medium,5,0.5,periodic,24,14.905014667414036,7.991593567251461,35,1.5879360338052113e-05,0.8333333333333334
medium,5,0.5,periodic,25,12.553365832360317,6.6232492997198875,16,1.5897410256522043e-05,0.8571428571428571
medium,5,0.5,periodic,26,9.601117121017124,5.385802469135802,17,9.381108813815647e-06,0.8888888888888888
medium,5,0.5,periodic,27,10.171749656918756,8.119444444444445,13,1.0781817966037326e-05,0.8888888888888888
medium,5,0.5,periodic,28,8.585964374252432,4.868939883645766,28,1.2167064206940787e-05,0.8571428571428571
medium,5,0.5,periodic,29,9.45097152174076,6.694444444444444,10,1.5675400694211323e-05,0.8333333333333334
medium,5,0.5,periodic,30,11.930644772029144,6.5,17,1.1200085282325745e-05,0.875
medium,5,0.5,periodic,31,15.150046380834407,6.5058823529411764,33,1.8772482872009277e-05,0.8
medium,5,0.5,periodic,32,11.401899909670947,5.884135472370766,30,1.660836013880643e-05,0.8181818181818182
medium,5,0.5,periodic,33,10.26436375255363,5.943287037037036,16,9.650571478737726e-06,0.8888888888888888
medium,5,0.5,periodic,34,12.901663128283717,7.6805555555555545,15,1.5870978434880573e-05,0.8333333333333334
medium,5,0.5,periodic,35,11.014725927904335,8.181481481481482,15,1.0893162753846911e-05,0.8888888888888888
medium,5,0.5,periodic,36,11.590851314503936,8.343537414965986,13,1.489903245653425e-05,0.8571428571428571
medium,5,0.5,periodic,37,9.515539778036866,5.708371040723981,25,1.3527388756091777e-05,0.8461538461538461
medium,5,0.5,periodic,38,13.442418495435646,8.154152046783626,40,2.024744947751363e-05,0.8
medium,5,0.5,periodic,39,10.447050959800473,6.666666666666667,12,1.5439465641975403e-05,0.8333333333333334
medium,5,0.5,event_triggered_no_stability,20,7.055555555555556,7.055555555555556,0,6.110510892338223e-05,1.0
medium,5,0.5,event_triggered_no_stability,21,7.048611111111111,7.048611111111111,0,0.0856701536104083,1.0
medium,5,0.5,event_triggered_no_stability,22,7.066666666666667,7.066666666666667,0,6.231330335140228e-05,1.0
medium,5,0.5,event_triggered_no_stability,23,7.020833333333333,7.020833333333333,0,6.061450888713201e-05,1.0
medium,5,0.5,event_triggered_no_stability,24,7.076388888888888,7.076388888888888,0,0.05431057016054789,1.0
medium,5,0.5,event_triggered_no_stability,25,7.095238095238095,7.095238095238095,0,6.05822673865727e-05,1.0
medium,5,0.5,event_triggered_no_stability,26,7.061728395061729,7.061728395061729,0,6.504025724199083e-05,1.0
medium,5,0.5,event_triggered_no_stability,27,7.0092592592592595,7.0092592592592595,0,6.132448712984721e-05,1.0
medium,5,0.5,event_triggered_no_stability,28,7.053571428571429,7.053571428571429,0,0.048897601664066315,1.0
medium,5,0.5,event_triggered_no_stability,29,7.027777777777778,7.027777777777778,0,6.117050846417745e-05,1.0
medium,5,0.5,event_triggered_no_stability,30,7.0,7.0,0,6.288895383477211e-05,1.0
medium,5,0.5,event_triggered_no_stability,31,7.066666666666667,7.066666666666667,0,0.06452967338263989,1.0
medium,5,0.5,event_triggered_no_stability,32,7.126262626262626,7.126262626262626,0,0.12182930586012927,1.0
medium,5,0.5,event_triggered_no_stability,33,7.052469135802468,7.052469135802468,0,0.1411713386575381,1.0
medium,5,0.5,event_triggered_no_stability,34,7.013888888888888,7.013888888888888,0,6.226760645707448e-05,1.0
medium,5,0.5,event_triggered_no_stability,35,7.064814814814815,7.064814814814815,0,0.07752442939413919,1.0
medium,5,0.5,event_triggered_no_stability,36,7.059523809523809,7.059523809523809,0,6.101599761417934e-05,1.0
medium,5,0.5,event_triggered_no_stability,37,7.117521367521368,7.117521367521368,0,0.049239269529397674,1.0
medium,5,0.5,event_triggered_no_stability,38,7.022222222222221,7.022222222222221,0,5.858689546585083e-05,1.0
medium,5,0.5,event_triggered_no_stability,39,7.0,7.0,0,5.978097518285116e-05,1.0
medium,5,0.5,mpc,20,1000022.6161982475,1000012.1111755235,61,9.53690873252021e-05,0.0
medium,5,0.5,mpc,21,1000032.0821707536,1000010.7886904761,92,9.771576151251793e-05,0.0
medium,5,0.5,mpc,22,1000022.0357478296,1000010.8250434783,70,9.376183152198792e-05,0.0
medium,5,0.5,mpc,23,1000027.7518750769,1000010.9608036891,126,8.749713500340779e-05,0.0
medium,5,0.5,mpc,24,1000027.0075474529,1000011.4678847721,114,8.865632116794586e-05,0.0
medium,5,0.5,mpc,25,1000025.6604377938,1000010.7532467532,55,8.770770260265895e-05,0.0
medium,5,0.5,mpc,26,1000020.8019344275,1000009.4772256729,58,8.363980385992263e-05,0.0
medium,5,0.5,mpc,27,1000018.8895868079,1000011.2415458937,48,8.818672762976753e-05,0.0
medium,5,0.5,mpc,28,1000022.8565435748,1000008.9641148325,110,8.134118148258754e-05,0.0
medium,5,0.5,mpc,29,1000021.9905664165,1000010.5579710145,47,8.812670906384786e-05,0.0
medium,5,0.5,mpc,30,1000023.2037474334,1000007.75,73,7.800385355949402e-05,0.0
medium,5,0.5,mpc,31,1000030.5155968212,1000011.3260869564,97,9.335540235042573e-05,0.0
medium,5,0.5,mpc,32,1000022.6454280459,1000008.9592680047,86,8.560378443111073e-05,0.0
medium,5,0.5,mpc,33,1000026.7156689372,1000008.8121693122,81,8.379378252559238e-05,0.0
medium,5,0.5,mpc,34,1000027.3009331129,1000011.1956521738,57,8.870040376981099e-05,0.0
medium,5,0.5,mpc,35,1000029.4380801871,1000011.2901052891,105,9.015947580337524e-05,0.0
medium,5,0.5,mpc,36,1000026.5845485994,1000012.9696703296,60,9.958978210176741e-05,0.0
medium,5,0.5,mpc,37,1000019.564739454,1000009.8277135908,79,8.29682327233828e-05,0.0
medium,5,0.5,mpc,38,1000026.5920681092,1000012.5093333333,133,9.366596738497416e-05,0.0
medium,5,0.5,mpc,39,1000027.0406606545,1000011.0,67,9.282492101192474e-05,0.0
medium,5,0.5,sarcrp,20,7.055555555555556,7.055555555555556,0,6.167963147163391e-05,1.0
medium,5,0.5,sarcrp,21,7.048611111111111,7.048611111111111,0,0.08627410978078842,1.0
medium,5,0.5,sarcrp,22,7.066666666666667,7.066666666666667,0,6.467886269092559e-05,1.0
medium,5,0.5,sarcrp,23,7.020833333333333,7.020833333333333,0,6.239550809065501e-05,1.0
medium,5,0.5,sarcrp,24,7.076388888888888,7.076388888888888,0,0.054223415752251945,1.0
medium,5,0.5,sarcrp,25,7.095238095238095,7.095238095238095,0,6.345446620668684e-05,1.0
medium,5,0.5,sarcrp,26,7.061728395061729,7.061728395061729,0,6.067711446020338e-05,1.0
medium,5,0.5,sarcrp,27,7.0092592592592595,7.0092592592592595,0,5.929461783832974e-05,1.0
medium,5,0.5,sarcrp,28,7.053571428571429,7.053571428571429,0,0.04454300020422254,1.0
medium,5,0.5,sarcrp,29,7.027777777777778,7.027777777777778,0,6.0768177111943565e-05,1.0
medium,5,0.5,sarcrp,30,7.0,7.0,0,6.036227568984032e-05,1.0
medium,5,0.5,sarcrp,31,7.066666666666667,7.066666666666667,0,0.06987871006131172,1.0
medium,5,0.5,sarcrp,32,7.126262626262626,7.126262626262626,0,0.11523375389250842,1.0
medium,5,0.5,sarcrp,33,7.052469135802468,7.052469135802468,0,0.1474236398935318,1.0
medium,5,0.5,sarcrp,34,7.013888888888888,7.013888888888888,0,6.603760023911794e-05,1.0
medium,5,0.5,sarcrp,35,7.064814814814815,7.064814814814815,0,0.07135412221153577,1.0
medium,5,0.5,sarcrp,36,7.059523809523809,7.059523809523809,0,6.44576336656298e-05,1.0
medium,5,0.5,sarcrp,37,7.117521367521368,7.117521367521368,0,0.0538068195948234,1.0
medium,5,0.5,sarcrp,38,7.022222222222221,7.022222222222221,0,5.905851721763611e-05,1.0
medium,5,0.5,sarcrp,39,7.0,7.0,0,6.031244993209839e-05,1.0
medium,5,1.0,static,20,7.055555555555556,7.055555555555556,0,2.2351741790771484e-07,1.0
medium,5,1.0,static,21,7.048611111111111,7.048611111111111,0,2.1560117602348328e-07,1.0
medium,5,1.0,static,22,7.066666666666667,7.066666666666667,0,2.0414590835571288e-07,1.0
medium,5,1.0,static,23,7.020833333333333,7.020833333333333,0,1.8967936436335245e-07,1.0
medium,5,1.0,static,24,7.076388888888888,7.076388888888888,0,1.909211277961731e-07,1.0
medium,5,1.0,static,25,7.095238095238095,7.095238095238095,0,2.0808407238551547e-07,1.0
medium,5,1.0,static,26,7.061728395061729,7.061728395061729,0,2.1192762586805554e-07,1.0
medium,5,1.0,static,27,7.0092592592592595,7.0092592592592595,0,2.0654665099249945e-07,1.0
medium,5,1.0,static,28,7.053571428571429,7.053571428571429,0,2.1313982350485666e-07,1.0
medium,5,1.0,static,29,7.027777777777778,7.027777777777778,0,2.1979212760925293e-07,1.0
medium,5,1.0,static,30,7.0,7.0,0,2.0302832126617432e-07,1.0
medium,5,1.0,static,31,7.066666666666667,7.066666666666667,0,2.0489096641540527e-07,1.0
medium,5,1.0,static,32,7.126262626262626,7.126262626262626,0,1.9744038581848145e-07,1.0
medium,5,1.0,static,33,7.052469135802468,7.052469135802468,0,2.0613272984822592e-07,1.0
medium,5,1.0,static,34,7.013888888888888,7.013888888888888,0,2.2165477275848389e-07,1.0
medium,5,1.0,static,35,7.064814814814815,7.064814814814815,0,2.0282136069403754e-07,1.0
medium,5,1.0,static,36,7.059523809523809,7.059523809523809,0,2.5491629328046527e-07,1.0
medium,5,1.0,static,37,7.117521367521368,7.117521367521368,0,2.0747001354510968e-07,1.0
medium,5,1.0,static,38,7.022222222222221,7.022222222222221,0,1.9396344820658367e-07,1.0
medium,5,1.0,static,39,7.0,7.0,0,2.117206652959188e-07,1.0
medium,5,1.0,full_reopt,20,17.045048068681265,8.052680311890839,46,9.300725327597724e-05,0.0
medium,5,1.0,full_reopt,21,29.105354890384852,6.763774671052632,79,9.05059278011322e-05,0.0
medium,5,1.0,full_reopt,22,18.885856658365476,6.8052777777777775,65,8.995793759822846e-05,0.0
medium,5,1.0,full_reopt,23,24.867547844800963,6.9379084967320255,111,8.889753371477127e-05,0.0
medium,5,1.0,full_reopt,24,23.668219022918905,7.4356641962340495,97,9.177935620148976e-05,0.0
medium,5,1.0,full_reopt,25,19.362698553598868,6.722689075630252,38,8.599087595939636e-05,0.0
medium,5,1.0,full_reopt,26,20.65314959011075,5.454089506172839,60,8.309963676664565e-05,0.0
medium,5,1.0,full_reopt,27,15.4958712031151,7.231481481481483,46,9.076504243744744e-05,0.0
medium,5,1.0,full_reopt,28,19.900167560305086,4.939975990396158,98,8.183105715683528e-05,0.0
medium,5,1.0,full_reopt,29,13.985077369858395,6.527777777777778,30,8.927471935749054e-05,0.0
medium,5,1.0,full_reopt,30,24.280714283211093,3.75,75,8.074194192886353e-05,0.0
medium,5,1.0,full_reopt,31,31.085932856041563,7.305555555555555,95,9.072162210941315e-05,0.0
medium,5,1.0,full_reopt,32,22.904640095627926,4.919953208556151,88,7.975541732527994e-05,0.0
medium,5,1.0,full_reopt,33,25.175025716570403,4.788194444444445,76,8.112978604104783e-05,0.0
medium,5,1.0,full_reopt,34,22.4117757379817,7.1805555555555545,46,8.86706014474233e-05,0.0
medium,5,1.0,full_reopt,35,25.671958855234557,7.250350413069713,88,8.759026726086934e-05,0.0
medium,5,1.0,full_reopt,36,23.119060313145205,8.90969387755102,54,9.24595764705113e-05,0.0
medium,5,1.0,full_reopt,37,15.117825406515182,5.785595776772246,64,8.170793835933392e-05,0.0
medium,5,1.0,full_reopt,38,23.909719205209687,8.486666666666668,122,9.071454405784607e-05,0.0
medium,5,1.0,full_reopt,39,20.6762949362636,7.0,52,8.84005179007848e-05,0.0
medium,5,1.0,periodic,20,9.80236207381556,7.609649122807018,11,1.0606315400865344e-05,0.8888888888888888
medium,5,1.0,periodic,21,11.830610914628794,7.013888888888888,16,1.1605676263570786e-05,0.875
medium,5,1.0,periodic,22,14.896728287699409,7.705263157894737,33,1.8677115440368654e-05,0.8
medium,5,1.0,periodic,23,13.431175772777998,7.604575163398692,32,1.5741214156150818e-05,0.8333333333333334
medium,5,1.0,periodic,24,14.905014667414036,7.991593567251461,35,1.6425736248493195e-05,0.8333333333333334
medium,5,1.0,periodic,25,12.553365832360317,6.6232492997198875,16,1.3580811875207083e-05,0.8571428571428571
medium,5,1.0,periodic,26,9.601117121017124,5.385802469135802,17,1.0012752479977078e-05,0.8888888888888888
medium,5,1.0,periodic,27,10.171749656918756,8.119444444444445,13,1.074125369389852e-05,0.8888888888888888
medium,5,1.0,periodic,28,8.585964374252432,4.868939883645766,28,1.3130317841257369e-05,0.8571428571428571
medium,5,1.0,periodic,29,9.45097152174076,6.694444444444444,10,1.5387311577796936e-05,0.8333333333333334
medium,5,1.0,periodic,30,11.930644772029144,6.5,17,1.1961907148361206e-05,0.875
medium,5,1.0,periodic,31,15.150046380834407,6.5058823529411764,33,1.9181519746780396e-05,0.8
medium,5,1.0,periodic,32,11.401899909670947,5.884135472370766,30,1.626190814104947e-05,0.8181818181818182
medium,5,1.0,periodic,33,10.26436375255363,5.943287037037036,16,9.500318103366428e-06,0.8888888888888888
medium,5,1.0,periodic,34,12.901663128283717,7.6805555555555545,15,1.6727174321810406e-05,0.8333333333333334
medium,5,1.0,periodic,35,11.014725927904335,8.181481481481482,15,1.1418842607074314e-05,0.8888888888888888
medium,5,1.0,periodic,36,11.590851314503936,8.343537414965986,13,1.6011829887117657e-05,0.8571428571428571
medium,5,1.0,periodic,37,9.515539778036866,5.708371040723981,25,1.3080640481068538e-05,0.8461538461538461
medium,5,1.0,periodic,38,13.442418495435646,8.154152046783626,40,1.8662710984547934e-05,0.8
medium,5,1.0,periodic,39,10.447050959800473,6.666666666666667,12,1.4771396915117899e-05,0.8333333333333334
medium,5,1.0,event_triggered_no_stability,20,7.055555555555556,7.055555555555556,0,5.9827748272154066e-05,1.0
medium,5,1.0,event_triggered_no_stability,21,7.048611111111111,7.048611111111111,0,0.0795863764360547,1.0
medium,5,1.0,event_triggered_no_stability,22,7.066666666666667,7.066666666666667,0,6.341710686683655e-05,1.0
medium,5,1.0,event_triggered_no_stability,23,7.020833333333333,7.020833333333333,0,6.108451634645462e-05,1.0
medium,5,1.0,event_triggered_no_stability,24,7.076388888888888,7.076388888888888,0,0.05903610742340485,1.0
medium,5,1.0,event_triggered_no_stability,25,7.095238095238095,7.095238095238095,0,6.044656038284302e-05,1.0
medium,5,1.0,event_triggered_no_stability,26,7.061728395061729,7.061728395061729,0,5.7948132356007896e-05,1.0
medium,5,1.0,event_triggered_no_stability,27,7.0092592592592595,7.0092592592592595,0,5.7460119326909385e-05,1.0
medium,5,1.0,event_triggered_no_stability,28,7.053571428571429,7.053571428571429,0,0.04478860247348036,1.0
medium,5,1.0,event_triggered_no_stability,29,7.027777777777778,7.027777777777778,0,6.544031202793121e-05,1.0
medium,5,1.0,event_triggered_no_stability,30,7.0,7.0,0,6.285449489951134e-05,1.0
medium,5,1.0,event_triggered_no_stability,31,7.066666666666667,7.066666666666667,0,0.0640203595161438,1.0
medium,5,1.0,event_triggered_no_stability,32,7.126262626262626,7.126262626262626,0,0.12002840705893257,1.0
medium,5,1.0,event_triggered_no_stability,33,7.052469135802468,7.052469135802468,0,0.1482343893084261,1.0
medium,5,1.0,event_triggered_no_stability,34,7.013888888888888,7.013888888888888,0,6.215895215670268e-05,1.0
medium,5,1.0,event_triggered_no_stability,35,7.064814814814815,7.064814814814815,0,0.07140249179469214,1.0
medium,5,1.0,event_triggered_no_stability,36,7.059523809523809,7.059523809523809,0,6.21314559664045e-05,1.0
medium,5,1.0,event_triggered_no_stability,37,7.117521367521368,7.117521367521368,0,0.05362711445643352,1.0
medium,5,1.0,event_triggered_no_stability,38,7.022222222222221,7.022222222222221,0,6.310269236564636e-05,1.0
medium,5,1.0,event_triggered_no_stability,39,7.0,7.0,0,6.142196555932362e-05,1.0
medium,5,1.0,mpc,20,1000022.6161982475,1000012.1111755235,61,0.00010005177723036872,0.0
medium,5,1.0,mpc,21,1000032.0821707536,1000010.7886904761,92,9.36225987970829e-05,0.0
medium,5,1.0,mpc,22,1000022.0357478296,1000010.8250434783,70,9.098798036575318e-05,0.0
medium,5,1.0,mpc,23,1000027.7518750769,1000010.9608036891,126,9.138820072015126e-05,0.0
medium,5,1.0,mpc,24,1000027.0075474529,1000011.4678847721,114,9.01203602552414e-05,0.0
medium,5,1.0,mpc,25,1000025.6604377938,1000010.7532467532,55,8.610423122133528e-05,0.0
medium,5,1.0,mpc,26,1000020.8019344275,1000009.4772256729,58,8.656746811336941e-05,0.0
medium,5,1.0,mpc,27,1000018.8895868079,1000011.2415458937,48,9.146581093470256e-05,0.0
medium,5,1.0,mpc,28,1000022.8565435748,1000008.9641148325,110,8.045615894453866e-05,0.0
medium,5,1.0,mpc,29,1000021.9905664165,1000010.5579710145,47,9.284292658170064e-05,0.0
medium,5,1.0,mpc,30,1000023.2037474334,1000007.75,73,8.128723129630089e-05,0.0
medium,5,1.0,mpc,31,1000030.5155968212,1000011.3260869564,97,9.184814989566803e-05,0.0
medium,5,1.0,mpc,32,1000022.6454280459,1000008.9592680047,86,8.823993531140414e-05,0.0
medium,5,1.0,mpc,33,1000026.7156689372,1000008.8121693122,81,8.281113372908698e-05,0.0
medium,5,1.0,mpc,34,1000027.3009331129,1000011.1956521738,57,8.74915470679601e-05,0.0
medium,5,1.0,mpc,35,1000029.4380801871,1000011.2901052891,105,9.230275948842366e-05,0.0
medium,5,1.0,mpc,36,1000026.5845485994,1000012.9696703296,60,9.330894265856062e-05,0.0
medium,5,1.0,mpc,37,1000019.564739454,1000009.8277135908,79,8.247248255289518e-05,0.0
medium,5,1.0,mpc,38,1000026.5920681092,1000012.5093333333,133,9.453470508257548e-05,0.0
medium,5,1.0,mpc,39,1000027.0406606545,1000011.0,67,9.24499084552129e-05,0.0
medium,5,1.0,sarcrp,20,7.055555555555556,7.055555555555556,0,6.073299381468031e-05,1.0
medium,5,1.0,sarcrp,21,7.048611111111111,7.048611111111111,0,0.07944086054340005,1.0
medium,5,1.0,sarcrp,22,7.066666666666667,7.066666666666667,0,5.964711308479309e-05,1.0
medium,5,1.0,sarcrp,23,7.020833333333333,7.020833333333333,0,5.6214009722073875e-05,1.0
medium,5,1.0,sarcrp,24,7.076388888888888,7.076388888888888,0,0.05483639054000378,1.0
medium,5,1.0,sarcrp,25,7.095238095238095,7.095238095238095,0,5.996919104031154e-05,1.0
medium,5,1.0,sarcrp,26,7.061728395061729,7.061728395061729,0,5.707931187417772e-05,1.0
medium,5,1.0,sarcrp,27,7.0092592592592595,7.0092592592592595,0,5.673948261472914e-05,1.0
medium,5,1.0,sarcrp,28,7.053571428571429,7.053571428571429,0,0.04909387656620571,1.0
medium,5,1.0,sarcrp,29,7.027777777777778,7.027777777777778,0,6.55055046081543e-05,1.0
medium,5,1.0,sarcrp,30,7.0,7.0,0,6.022769957780838e-05,1.0
medium,5,1.0,sarcrp,31,7.066666666666667,7.066666666666667,0,0.06454464495182037,1.0
medium,5,1.0,sarcrp,32,7.126262626262626,7.126262626262626,0,0.12161511148918759,1.0
medium,5,1.0,sarcrp,33,7.052469135802468,7.052469135802468,0,0.1478674759467443,1.0
medium,5,1.0,sarcrp,34,7.013888888888888,7.013888888888888,0,6.123880545298259e-05,1.0
medium,5,1.0,sarcrp,35,7.064814814814815,7.064814814814815,0,0.07105584690968196,1.0
medium,5,1.0,sarcrp,36,7.059523809523809,7.059523809523809,0,6.55869288103921e-05,1.0
medium,5,1.0,sarcrp,37,7.117521367521368,7.117521367521368,0,0.04959565085860399,1.0
medium,5,1.0,sarcrp,38,7.022222222222221,7.022222222222221,0,5.7528913021087644e-05,1.0
medium,5,1.0,sarcrp,39,7.0,7.0,0,5.8167303601900734e-05,1.0
high,0,0.0,static,20,7.055555555555556,7.055555555555556,0,2.3096799850463867e-07,1.0
high,0,0.0,static,21,7.052469135802469,7.052469135802469,0,2.1565291616651746e-07,1.0
high,0,0.0,static,22,7.088888888888889,7.088888888888889,0,2.0749866962432862e-07,1.0
high,0,0.0,static,23,7.037037037037037,7.037037037037037,0,2.0271788040796915e-07,1.0
high,0,0.0,static,24,7.122685185185184,7.122685185185184,0,1.8222878376642862e-07,1.0
high,0,0.0,static,25,7.095238095238095,7.095238095238095,0,1.793461186545236e-07,1.0
high,0,0.0,static,26,7.080246913580247,7.080246913580247,0,2.0282136069403754e-07,1.0
high,0,0.0,static,27,7.0092592592592595,7.0092592592592595,0,1.8543667263454861e-07,1.0
high,0,0.0,static,28,7.071428571428571,7.071428571428571,0,1.955777406692505e-07,1.0
high,0,0.0,static,29,7.027777777777778,7.027777777777778,0,2.2972623507181803e-07,1.0
high,0,0.0,static,30,7.0,7.0,0,1.8402934074401855e-07,1.0
high,0,0.0,static,31,7.083333333333334,7.083333333333334,0,1.9073486328125e-07,1.0
high,0,0.0,static,32,7.126262626262626,7.126262626262626,0,2.0489096641540527e-07,1.0
high,0,0.0,static,33,7.046296296296296,7.046296296296296,0,2.0903017785814075e-07,1.0
high,0,0.0,static,34,7.020833333333333,7.020833333333333,0,2.086162567138672e-07,1.0
high,0,0.0,static,35,7.070987654320987,7.070987654320987,0,1.953707800971137e-07,1.0
high,0,0.0,static,36,7.055555555555555,7.055555555555555,0,1.9288725323147244e-07,1.0
high,0,0.0,static,37,7.068181818181818,7.068181818181818,0,1.971017230640758e-07,1.0
high,0,0.0,static,38,7.061111111111112,7.061111111111112,0,1.7732381820678711e-07,1.0
high,0,0.0,static,39,7.0,7.0,0,2.1872775895254953e-07,1.0
high,0,0.0,full_reopt,20,17.463619361438404,6.169395711500975,55,8.277346690495808e-05,0.0
high,0,0.0,full_reopt,21,31.25628775236682,7.453996101364522,103,8.954356114069621e-05,0.0
high,0,0.0,full_reopt,22,13.767250142485489,4.6,45,8.356794714927673e-05,0.0
high,0,0.0,full_reopt,23,27.484909253437475,7.768518518518519,115,8.654221892356873e-05,0.0
high,0,0.0,full_reopt,24,23.7318452157954,4.921174463937622,107,8.245712767044704e-05,0.0
high,0,0.0,full_reopt,25,19.936483046359534,6.722689075630252,38,8.552042501313346e-05,0.0
high,0,0.0,full_reopt,26,21.560445913828683,6.2254901960784315,61,8.523257242308723e-05,0.0
high,0,0.0,full_reopt,27,20.586239668676583,7.008333333333334,57,8.843466639518738e-05,0.0
high,0,0.0,full_reopt,28,23.991512614521106,6.869047619047619,115,8.415005036762782e-05,0.0
high,0,0.0,full_reopt,29,14.461281391005121,6.527777777777778,30,8.302554488182068e-05,0.0
high,0,0.0,full_reopt,30,25.87289780295024,5.0,87,8.166097104549408e-05,0.0
high,0,0.0,full_reopt,31,30.345939934356863,9.014786967418548,92,9.699650108814239e-05,0.0
high,0,0.0,full_reopt,32,29.412588094036725,5.829044117647059,105,8.26001844622872e-05,0.0
high,0,0.0,full_reopt,33,25.68471110715884,4.791462418300654,88,8.111405703756545e-05,0.0
high,0,0.0,full_reopt,34,21.103090868704573,8.768796992481203,51,8.88928771018982e-05,0.0
high,0,0.0,full_reopt,35,21.202364714627866,7.136988304093568,61,8.432194590568542e-05,0.0
high,0,0.0,full_reopt,36,14.720877281516643,8.053654970760235,42,9.17716986603207e-05,0.0
high,0,0.0,full_reopt,37,27.59612659923458,6.376278262501173,110,8.350407535379583e-05,0.0
high,0,0.0,full_reopt,38,27.354970454995396,6.071929824561404,152,8.493090669314067e-05,0.0
high,0,0.0,full_reopt,39,29.116608098578666,5.142857142857143,75,8.396059274673462e-05,0.0
high,0,0.0,periodic,20,9.918133356314605,7.609649122807018,11,1.1365032858318753e-05,0.8888888888888888
high,0,0.0,periodic,21,11.923543088416556,7.5701754385964914,18,1.1217263009813098e-05,0.8888888888888888
high,0,0.0,periodic,22,11.700310742474013,4.8,31,1.658722758293152e-05,0.8
high,0,0.0,periodic,23,13.515147639383601,7.768518518518519,32,1.5939585864543915e-05,0.8333333333333334
high,0,0.0,periodic,24,12.751317174932659,6.340277777777778,31,1.530752827723821e-05,0.8333333333333334
high,0,0.0,periodic,25,12.699265932728437,6.6232492997198875,16,1.4982585396085466e-05,0.8571428571428571
high,0,0.0,periodic,26,11.030925350035842,6.526870007262164,15,1.0687857866287231e-05,0.8888888888888888
high,0,0.0,periodic,27,10.280168056151238,8.119444444444445,13,1.149210664961073e-05,0.8888888888888888
high,0,0.0,periodic,28,11.385559661572314,6.654761904761904,25,1.3621790068490164e-05,0.8571428571428571
high,0,0.0,periodic,29,9.564144584817852,6.694444444444444,10,1.603240768114726e-05,0.8333333333333334
high,0,0.0,periodic,30,13.4739452345034,5.3,31,1.7699599266052245e-05,0.8
high,0,0.0,periodic,31,17.29448061833159,8.814285714285715,32,2.061799168586731e-05,0.8
high,0,0.0,periodic,32,12.846564902231687,6.2477718360071295,30,1.5524300661954012e-05,0.8181818181818182
high,0,0.0,periodic,33,8.359515853571674,5.908564814814814,14,9.669197930230035e-06,0.8888888888888888
high,0,0.0,periodic,34,9.614858389250001,8.020833333333332,9,1.2074131518602371e-05,0.875
high,0,0.0,periodic,35,10.396985219643145,7.626218323586745,14,1.056285368071662e-05,0.8888888888888888
high,0,0.0,periodic,36,8.750689916176798,7.610136452241715,7,1.1138204071256849e-05,0.8888888888888888
high,0,0.0,periodic,37,11.538119635597592,5.467825311942959,28,1.734258099035783e-05,0.8181818181818182
high,0,0.0,periodic,38,12.402000861637195,5.338888888888889,43,1.705711086591085e-05,0.8
high,0,0.0,periodic,39,12.791241078632554,6.571428571428571,17,1.2883118220738002e-05,0.8571428571428571
high,0,0.0,event_triggered_no_stability,20,7.055555555555556,7.055555555555556,0,5.940886007414924e-05,1.0
high,0,0.0,event_triggered_no_stability,21,7.052469135802469,7.052469135802469,0,0.14244497857160038,1.0
high,0,0.0,event_triggered_no_stability,22,7.088888888888889,7.088888888888889,0,0.06170394122600555,1.0
high,0,0.0,event_triggered_no_stability,23,7.037037037037037,7.037037037037037,0,0.16245836578309536,1.0
high,0,0.0,event_triggered_no_stability,24,7.122685185185184,7.122685185185184,0,0.05557881109416485,1.0
high,0,0.0,event_triggered_no_stability,25,7.095238095238095,7.095238095238095,0,0.0899124943784305,1.0
high,0,0.0,event_triggered_no_stability,26,7.080246913580247,7.080246913580247,0,0.14476928363243738,1.0
high,0,0.0,event_triggered_no_stability,27,7.0092592592592595,7.0092592592592595,0,0.13780483851830164,1.0
high,0,0.0,event_triggered_no_stability,28,7.071428571428571,7.071428571428571,0,0.04827946078564439,1.0
high,0,0.0,event_triggered_no_stability,29,7.027777777777778,7.027777777777778,0,6.20105614264806e-05,1.0
high,0,0.0,event_triggered_no_stability,30,7.0,7.0,0,0.062210796773433684,1.0
high,0,0.0,event_triggered_no_stability,31,7.083333333333334,7.083333333333334,0,0.19422168843448162,1.0
high,0,0.0,event_triggered_no_stability,32,7.126262626262626,7.126262626262626,0,0.11819266426292332,1.0
high,0,0.0,event_triggered_no_stability,33,7.046296296296296,7.046296296296296,0,0.13768628446592224,1.0
high,0,0.0,event_triggered_no_stability,34,7.020833333333333,7.020833333333333,0,6.524147465825081e-05,1.0
high,0,0.0,event_triggered_no_stability,35,7.070987654320987,7.070987654320987,0,0.0692897198928727,1.0
high,0,0.0,event_triggered_no_stability,36,7.055555555555555,7.055555555555555,0,6.610569026735093e-05,1.0
high,0,0.0,event_triggered_no_stability,37,7.068181818181818,7.068181818181818,0,0.11667360026728023,1.0
high,0,0.0,event_triggered_no_stability,38,7.061111111111112,7.061111111111112,0,0.04019002790252368,1.0
high,0,0.0,event_triggered_no_stability,39,7.0,7.0,0,0.09711733620081629,1.0
high,0,0.0,mpc,20,1000022.8366288184,1000010.2312399356,70,8.86503193113539e-05,0.0
high,0,0.0,mpc,21,1000033.682387223,1000011.4773148147,113,9.73952313264211e-05,0.0
high,0,0.0,mpc,22,1000017.6733283891,1000008.6238095239,50,8.07642936706543e-05,0.0
high,0,0.0,mpc,23,1000030.3218722088,1000011.7916666666,130,8.920393884181976e-05,0.0
high,0,0.0,mpc,24,1000026.8941997272,1000008.9611010468,124,8.112968256076177e-05,0.0
high,0,0.0,mpc,25,1000026.5882127703,1000010.7532467532,55,8.703768253326416e-05,0.0
high,0,0.0,mpc,26,1000022.2199172806,1000010.25,59,9.00787611802419e-05,0.0
high,0,0.0,mpc,27,1000023.0351331444,1000011.0177777777,59,8.850130769941542e-05,0.0
high,0,0.0,mpc,28,1000026.6920049322,1000010.8986078621,125,8.696158017430986e-05,0.0
high,0,0.0,mpc,29,1000022.7740471581,1000010.5579710145,47,9.230896830558777e-05,0.0
high,0,0.0,mpc,30,1000025.3763411574,1000009.0,85,8.167028427124024e-05,0.0
high,0,0.0,mpc,31,1000030.5344079884,1000013.0415064103,94,9.234622120857239e-05,0.0
high,0,0.0,mpc,32,1000028.1522345372,1000009.8683589138,103,8.622387593442744e-05,0.0
high,0,0.0,mpc,33,1000027.4187667537,1000008.8140933141,93,8.102671967612373e-05,0.0
high,0,0.0,mpc,34,1000026.1249277607,1000012.7900641025,61,9.798305109143257e-05,0.0
high,0,0.0,mpc,35,1000026.1502082066,1000011.1785521884,78,9.379204776551988e-05,0.0
high,0,0.0,mpc,36,1000020.8857566222,1000012.1127858295,56,9.069757329093086e-05,0.0
high,0,0.0,mpc,37,1000030.2914373844,1000010.4032069709,125,9.041787548498674e-05,0.0
high,0,0.0,mpc,38,1000029.0786037652,1000010.0922705313,163,8.561412493387857e-05,0.0
high,0,0.0,mpc,39,1000027.8349900858,1000009.1428571428,74,8.30329954624176e-05,0.0
high,0,0.0,sarcrp,20,7.055555555555556,7.055555555555556,0,5.93546364042494e-05,1.0
high,0,0.0,sarcrp,21,7.052469135802469,7.052469135802469,0,0.13514694033397567,1.0
high,0,0.0,sarcrp,22,7.088888888888889,7.088888888888889,0,0.06194691322743893,1.0
high,0,0.0,sarcrp,23,7.037037037037037,7.037037037037037,0,0.16777570452541113,1.0
high,0,0.0,sarcrp,24,7.122685185185184,7.122685185185184,0,0.050709813522795834,1.0
high,0,0.0,sarcrp,25,7.095238095238095,7.095238095238095,0,0.0904806698007243,1.0
high,0,0.0,sarcrp,26,7.080246913580247,7.080246913580247,0,0.14561386282245317,1.0
high,0,0.0,sarcrp,27,7.0092592592592595,7.0092592592592595,0,0.13768459277020562,1.0
high,0,0.0,sarcrp,28,7.071428571428571,7.071428571428571,0,0.04825633764266968,1.0
high,0,0.0,sarcrp,29,7.027777777777778,7.027777777777778,0,6.733958919843037e-05,1.0
high,0,0.0,sarcrp,30,7.0,7.0,0,0.0627612542361021,1.0
high,0,0.0,sarcrp,31,7.083333333333334,7.083333333333334,0,0.1963376935571432,1.0
high,0,0.0,sarcrp,32,7.126262626262626,7.126262626262626,0,0.11929196661168878,1.0
high,0,0.0,sarcrp,33,7.046296296296296,7.046296296296296,0,0.14565547514292929,1.0
high,0,0.0,sarcrp,34,7.020833333333333,7.020833333333333,0,6.320513784885406e-05,1.0
high,0,0.0,sarcrp,35,7.070987654320987,7.070987654320987,0,0.07092364877462387,1.0
high,0,0.0,sarcrp,36,7.055555555555555,7.055555555555555,0,6.95768329832289e-05,1.0
high,0,0.0,sarcrp,37,7.068181818181818,7.068181818181818,0,0.11255274645306847,1.0
high,0,0.0,sarcrp,38,7.061111111111112,7.061111111111112,0,0.04401681199669838,1.0
high,0,0.0,sarcrp,39,7.0,7.0,0,0.08848893057022776,1.0
high,0,0.5,static,20,7.055555555555556,7.055555555555556,0,2.3800465795728894e-07,1.0
high,0,0.5,static,21,7.052469135802469,7.052469135802469,0,1.8502275149027506e-07,1.0
high,0,0.5,static,22,7.088888888888889,7.088888888888889,0,1.825392246246338e-07,1.0
high,0,0.5,static,23,7.037037037037037,7.037037037037037,0,1.8409142891565958e-07,1.0
high,0,0.5,static,24,7.122685185185184,7.122685185185184,0,1.8657495578130087e-07,1.0
high,0,0.5,static,25,7.095238095238095,7.095238095238095,0,2.2404960223606656e-07,1.0
high,0,0.5,static,26,7.080246913580247,7.080246913580247,0,2.2517310248480902e-07,1.0
high,0,0.5,static,27,7.0092592592592595,7.0092592592592595,0,2.02407439549764e-07,1.0
high,0,0.5,static,28,7.071428571428571,7.071428571428571,0,1.8386968544551303e-07,1.0
high,0,0.5,static,29,7.027777777777778,7.027777777777778,0,2.0613272984822592e-07,1.0
high,0,0.5,static,30,7.0,7.0,0,1.9371509552001953e-07,1.0
high,0,0.5,static,31,7.083333333333334,7.083333333333334,0,2.0042061805725097e-07,1.0
high,0,0.5,static,32,7.126262626262626,7.126262626262626,0,1.886351542039351e-07,1.0
high,0,0.5,static,33,7.046296296296296,7.046296296296296,0,2.0654665099249945e-07,1.0
high,0,0.5,static,34,7.020833333333333,7.020833333333333,0,2.1373853087425232e-07,1.0
high,0,0.5,static,35,7.070987654320987,7.070987654320987,0,1.916454897986518e-07,1.0
high,0,0.5,static,36,7.055555555555555,7.055555555555555,0,2.0116567611694336e-07,1.0
high,0,0.5,static,37,7.068181818181818,7.068181818181818,0,1.8592585216869006e-07,1.0
high,0,0.5,static,38,7.061111111111112,7.061111111111112,0,1.8154581387837728e-07,1.0
high,0,0.5,static,39,7.0,7.0,0,1.9690820149012973e-07,1.0
high,0,0.5,full_reopt,20,17.463619361438404,6.169395711500975,55,8.763745427131653e-05,0.0
high,0,0.5,full_reopt,21,31.25628775236682,7.453996101364522,103,8.580130007531907e-05,0.0
high,0,0.5,full_reopt,22,13.767250142485489,4.6,45,7.697753608226776e-05,0.0
high,0,0.5,full_reopt,23,27.484909253437475,7.768518518518519,115,8.99337852994601e-05,0.0
high,0,0.5,full_reopt,24,23.7318452157954,4.921174463937622,107,8.25632984439532e-05,0.0
high,0,0.5,full_reopt,25,19.936483046359534,6.722689075630252,38,8.910681520189558e-05,0.0
high,0,0.5,full_reopt,26,21.560445913828683,6.2254901960784315,61,8.763621250788371e-05,0.0
high,0,0.5,full_reopt,27,20.586239668676583,7.008333333333334,57,8.582199613253276e-05,0.0
high,0,0.5,full_reopt,28,23.991512614521106,6.869047619047619,115,8.778965898922511e-05,0.0
high,0,0.5,full_reopt,29,14.461281391005121,6.527777777777778,30,8.973975976308186e-05,0.0
high,0,0.5,full_reopt,30,25.87289780295024,5.0,87,7.821694016456604e-05,0.0
high,0,0.5,full_reopt,31,30.345939934356863,9.014786967418548,92,8.831024169921874e-05,0.0
high,0,0.5,full_reopt,32,29.412588094036725,5.829044117647059,105,8.778748187151822e-05,0.0
high,0,0.5,full_reopt,33,25.68471110715884,4.791462418300654,88,8.297711610794067e-05,0.0
high,0,0.5,full_reopt,34,21.103090868704573,8.768796992481203,51,8.733663707971573e-05,0.0
high,0,0.5,full_reopt,35,21.202364714627866,7.136988304093568,61,8.857167429394192e-05,0.0
high,0,0.5,full_reopt,36,14.720877281516643,8.053654970760235,42,9.307803379164802e-05,0.0
high,0,0.5,full_reopt,37,27.59612659923458,6.376278262501173,110,8.305737918073481e-05,0.0
high,0,0.5,full_reopt,38,27.354970454995396,6.071929824561404,152,8.403013149897258e-05,0.0
high,0,0.5,full_reopt,39,29.116608098578666,5.142857142857143,75,7.907141532216753e-05,0.0
high,0,0.5,periodic,20,9.918133356314605,7.609649122807018,11,1.067378454738193e-05,0.8888888888888888
high,0,0.5,periodic,21,11.923543088416556,7.5701754385964914,18,1.0781404044893054e-05,0.8888888888888888
high,0,0.5,periodic,22,11.700310742474013,4.8,31,1.7718970775604247e-05,0.8
high,0,0.5,periodic,23,13.515147639383601,7.768518518518519,32,1.5801750123500824e-05,0.8333333333333334
high,0,0.5,periodic,24,12.751317174932659,6.340277777777778,31,1.4700926840305328e-05,0.8333333333333334
high,0,0.5,periodic,25,12.699265932728437,6.6232492997198875,16,1.2886311326708113e-05,0.8571428571428571
high,0,0.5,periodic,26,11.030925350035842,6.526870007262164,15,1.05115274588267e-05,0.8888888888888888
high,0,0.5,periodic,27,10.280168056151238,8.119444444444445,13,1.1562473244137234e-05,0.8888888888888888
high,0,0.5,periodic,28,11.385559661572314,6.654761904761904,25,1.3818166085651942e-05,0.8571428571428571
high,0,0.5,periodic,29,9.564144584817852,6.694444444444444,10,1.4735385775566101e-05,0.8333333333333334
high,0,0.5,periodic,30,13.4739452345034,5.3,31,1.67064368724823e-05,0.8
high,0,0.5,periodic,31,17.29448061833159,8.814285714285715,32,1.950599253177643e-05,0.8
high,0,0.5,periodic,32,12.846564902231687,6.2477718360071295,30,1.5592371875589546e-05,0.8181818181818182
high,0,0.5,periodic,33,8.359515853571674,5.908564814814814,14,9.70603691207038e-06,0.8888888888888888
high,0,0.5,periodic,34,9.614858389250001,8.020833333333332,9,1.2013595551252365e-05,0.875
high,0,0.5,periodic,35,10.396985219643145,7.626218323586745,14,1.0682890812555948e-05,0.8888888888888888
high,0,0.5,periodic,36,8.750689916176798,7.610136452241715,7,1.0583549737930298e-05,0.8888888888888888
high,0,0.5,periodic,37,11.538119635597592,5.467825311942959,28,1.5912069515748456e-05,0.8181818181818182
high,0,0.5,periodic,38,12.402000861637195,5.338888888888889,43,1.7948200305302938e-05,0.8
high,0,0.5,periodic,39,12.791241078632554,6.571428571428571,17,1.4168875558035715e-05,0.8571428571428571
high,0,0.5,event_triggered_no_stability,20,7.055555555555556,7.055555555555556,0,6.053638127115038e-05,1.0
high,0,0.5,event_triggered_no_stability,21,7.052469135802469,7.052469135802469,0,0.14155611768364906,1.0
high,0,0.5,event_triggered_no_stability,22,7.088888888888889,7.088888888888889,0,0.06134280413389206,1.0
high,0,0.5,event_triggered_no_stability,23,7.037037037037037,7.037037037037037,0,0.16217811312526464,1.0
high,0,0.5,event_triggered_no_stability,24,7.122685185185184,7.122685185185184,0,0.0511572410662969,1.0
high,0,0.5,event_triggered_no_stability,25,7.095238095238095,7.095238095238095,0,0.09808504794325147,1.0
high,0,0.5,event_triggered_no_stability,26,7.080246913580247,7.080246913580247,0,0.13835816043946478,1.0
high,0,0.5,event_triggered_no_stability,27,7.0092592592592595,7.0092592592592595,0,0.14386935200956133,1.0
high,0,0.5,event_triggered_no_stability,28,7.071428571428571,7.071428571428571,0,0.04387355888528483,1.0
high,0,0.5,event_triggered_no_stability,29,7.027777777777778,7.027777777777778,0,6.197206676006317e-05,1.0
high,0,0.5,event_triggered_no_stability,30,7.0,7.0,0,0.06743375472724437,1.0
high,0,0.5,event_triggered_no_stability,31,7.083333333333334,7.083333333333334,0,0.1935078039765358,1.0
high,0,0.5,event_triggered_no_stability,32,7.126262626262626,7.126262626262626,0,0.11319461058486592,1.0
high,0,0.5,event_triggered_no_stability,33,7.046296296296296,7.046296296296296,0,0.14335260291894278,1.0
high,0,0.5,event_triggered_no_stability,34,7.020833333333333,7.020833333333333,0,6.141839548945427e-05,1.0
high,0,0.5,event_triggered_no_stability,35,7.070987654320987,7.070987654320987,0,0.06949594534105724,1.0
high,0,0.5,event_triggered_no_stability,36,7.055555555555555,7.055555555555555,0,6.388955646091037e-05,1.0
high,0,0.5,event_triggered_no_stability,37,7.068181818181818,7.068181818181818,0,0.11592057279565117,1.0
high,0,0.5,event_triggered_no_stability,38,7.061111111111112,7.061111111111112,0,0.04012332409620285,1.0
high,0,0.5,event_triggered_no_stability,39,7.0,7.0,0,0.08849706553987094,1.0
high,0,0.5,mpc,20,1000022.8366288184,1000010.2312399356,70,8.801370859146118e-05,0.0
high,0,0.5,mpc,21,1000033.682387223,1000011.4773148147,113,9.535377224286397e-05,0.0
high,0,0.5,mpc,22,1000017.6733283891,1000008.6238095239,50,7.998235523700714e-05,0.0
high,0,0.5,mpc,23,1000030.3218722088,1000011.7916666666,130,8.878298103809357e-05,0.0
high,0,0.5,mpc,24,1000026.8941997272,1000008.9611010468,124,8.427134404579799e-05,0.0
high,0,0.5,mpc,25,1000026.5882127703,1000010.7532467532,55,8.832024676459176e-05,0.0
high,0,0.5,mpc,26,1000022.2199172806,1000010.25,59,8.574335111512078e-05,0.0
high,0,0.5,mpc,27,1000023.0351331444,1000011.0177777777,59,8.902077873547871e-05,0.0
high,0,0.5,mpc,28,1000026.6920049322,1000010.8986078621,125,9.137471871716636e-05,0.0
high,0,0.5,mpc,29,1000022.7740471581,1000010.5579710145,47,8.9205801486969e-05,0.0
high,0,0.5,mpc,30,1000025.3763411574,1000009.0,85,8.082501590251922e-05,0.0
high,0,0.5,mpc,31,1000030.5344079884,1000013.0415064103,94,9.18649137020111e-05,0.0
high,0,0.5,mpc,32,1000028.1522345372,1000009.8683589138,103,8.369203318249096e-05,0.0
high,0,0.5,mpc,33,1000027.4187667537,1000008.8140933141,93,8.042446441120571e-05,0.0
high,0,0.5,mpc,34,1000026.1249277607,1000012.7900641025,61,9.698467329144478e-05,0.0
high,0,0.5,mpc,35,1000026.1502082066,1000011.1785521884,78,9.549160798390706e-05,0.0
high,0,0.5,mpc,36,1000020.8857566222,1000012.1127858295,56,9.715805451075236e-05,0.0
high,0,0.5,mpc,37,1000030.2914373844,1000010.4032069709,125,8.586794137954712e-05,0.0
high,0,0.5,mpc,38,1000029.0786037652,1000010.0922705313,163,8.992155392964682e-05,0.0
high,0,0.5,mpc,39,1000027.8349900858,1000009.1428571428,74,8.188560605049133e-05,0.0
high,0,0.5,sarcrp,20,7.055555555555556,7.055555555555556,0,6.236798233456082e-05,1.0
high,0,0.5,sarcrp,21,7.052469135802469,7.052469135802469,0,0.14197932473487324,1.0
high,0,0.5,sarcrp,22,7.088888888888889,7.088888888888889,0,0.06141110733151436,1.0
high,0,0.5,sarcrp,23,7.037037037037037,7.037037037037037,0,0.1633135648444295,1.0
high,0,0.5,sarcrp,24,7.122685185185184,7.122685185185184,0,0.05136020760983229,1.0
high,0,0.5,sarcrp,25,7.095238095238095,7.095238095238095,0,0.09866539016366005,1.0
high,0,0.5,sarcrp,26,7.080246913580247,7.080246913580247,0,0.1393746216264036,1.0
high,0,0.5,sarcrp,27,7.0092592592592595,7.0092592592592595,0,0.1445307462579674,1.0
high,0,0.5,sarcrp,28,7.071428571428571,7.071428571428571,0,0.04383427782782486,1.0
high,0,0.5,sarcrp,29,7.027777777777778,7.027777777777778,0,6.564209858576457e-05,1.0
high,0,0.5,sarcrp,30,7.0,7.0,0,0.0683110322803259,1.0
high,0,0.5,sarcrp,31,7.083333333333334,7.083333333333334,0,0.19547315463423728,1.0
high,0,0.5,sarcrp,32,7.126262626262626,7.126262626262626,0,0.11299264634197409,1.0
high,0,0.5,sarcrp,33,7.046296296296296,7.046296296296296,0,0.14399454328748915,1.0
high,0,0.5,sarcrp,34,7.020833333333333,7.020833333333333,0,6.296159699559212e-05,1.0
high,0,0.5,sarcrp,35,7.070987654320987,7.070987654320987,0,0.06917099240753385,1.0
high,0,0.5,sarcrp,36,7.055555555555555,7.055555555555555,0,6.0099694463941785e-05,1.0
high,0,0.5,sarcrp,37,7.068181818181818,7.068181818181818,0,0.11679303002628413,1.0
high,0,0.5,sarcrp,38,7.061111111111112,7.061111111111112,0,0.04025906001528104,1.0
high,0,0.5,sarcrp,39,7.0,7.0,0,0.08919034738625799,1.0
high,0,1.0,static,20,7.055555555555556,7.055555555555556,0,2.3593505223592123e-07,1.0
high,0,1.0,static,21,7.052469135802469,7.052469135802469,0,1.986821492513021e-07,1.0
high,0,1.0,static,22,7.088888888888889,7.088888888888889,0,1.9408762454986573e-07,1.0
high,0,1.0,static,23,7.037037037037037,7.037037037037037,0,1.9123156865437826e-07,1.0
high,0,1.0,static,24,7.122685185185184,7.122685185185184,0,1.9526729981104532e-07,1.0
high,0,1.0,static,25,7.095238095238095,7.095238095238095,0,2.3416110447474887e-07,1.0
high,0,1.0,static,26,7.080246913580247,7.080246913580247,0,1.8460883034600152e-07,1.0
high,0,1.0,static,27,7.0092592592592595,7.0092592592592595,0,2.0199351840549045e-07,1.0
high,0,1.0,static,28,7.071428571428571,7.071428571428571,0,1.7987830298287528e-07,1.0
high,0,1.0,static,29,7.027777777777778,7.027777777777778,0,2.2041300932566324e-07,1.0
high,0,1.0,static,30,7.0,7.0,0,1.9185245037078857e-07,1.0
high,0,1.0,static,31,7.083333333333334,7.083333333333334,0,2.0153820514678956e-07,1.0
high,0,1.0,static,32,7.126262626262626,7.126262626262626,0,2.1098689599470658e-07,1.0
high,0,1.0,static,33,7.046296296296296,7.046296296296296,0,2.2558702362908258e-07,1.0
high,0,1.0,static,34,7.020833333333333,7.020833333333333,0,2.1979212760925293e-07,1.0
high,0,1.0,static,35,7.070987654320987,7.070987654320987,0,2.260009447733561e-07,1.0
high,0,1.0,static,36,7.055555555555555,7.055555555555555,0,2.032352818383111e-07,1.0
high,0,1.0,static,37,7.068181818181818,7.068181818181818,0,1.9777904857288708e-07,1.0
high,0,1.0,static,38,7.061111111111112,7.061111111111112,0,1.8402934074401855e-07,1.0
high,0,1.0,static,39,7.0,7.0,0,2.075518880571638e-07,1.0
high,0,1.0,full_reopt,20,17.463619361438404,6.169395711500975,55,8.601322770118713e-05,0.0
high,0,1.0,full_reopt,21,31.25628775236682,7.453996101364522,103,8.614982167879741e-05,0.0
high,0,1.0,full_reopt,22,13.767250142485489,4.6,45,8.033514022827148e-05,0.0
high,0,1.0,full_reopt,23,27.484909253437475,7.768518518518519,115,9.022125353415807e-05,0.0
high,0,1.0,full_reopt,24,23.7318452157954,4.921174463937622,107,7.771638532479604e-05,0.0
high,0,1.0,full_reopt,25,19.936483046359534,6.722689075630252,38,8.829150881086077e-05,0.0
high,0,1.0,full_reopt,26,21.560445913828683,6.2254901960784315,61,8.675083518028259e-05,0.0
high,0,1.0,full_reopt,27,20.586239668676583,7.008333333333334,57,8.359675606091817e-05,0.0
high,0,1.0,full_reopt,28,23.991512614521106,6.869047619047619,115,8.570429469857897e-05,0.0
high,0,1.0,full_reopt,29,14.461281391005121,6.527777777777778,30,8.70699683825175e-05,0.0
high,0,1.0,full_reopt,30,25.87289780295024,5.0,87,8.577145636081695e-05,0.0
high,0,1.0,full_reopt,31,30.345939934356863,9.014786967418548,92,9.302496910095215e-05,0.0
high,0,1.0,full_reopt,32,29.412588094036725,5.829044117647059,105,8.550963618538596e-05,0.0
high,0,1.0,full_reopt,33,25.68471110715884,4.791462418300654,88,7.68713653087616e-05,0.0
high,0,1.0,full_reopt,34,21.103090868704573,8.768796992481203,51,9.141210466623306e-05,0.0
high,0,1.0,full_reopt,35,21.202364714627866,7.136988304093568,61,8.703644076983134e-05,0.0
high,0,1.0,full_reopt,36,14.720877281516643,8.053654970760235,42,8.575990796089172e-05,0.0
high,0,1.0,full_reopt,37,27.59612659923458,6.376278262501173,110,8.30329954624176e-05,0.0
high,0,1.0,full_reopt,38,27.354970454995396,6.071929824561404,152,8.242179950078329e-05,0.0
high,0,1.0,full_reopt,39,29.116608098578666,5.142857142857143,75,8.7535274880273e-05,0.0
high,0,1.0,periodic,20,9.918133356314605,7.609649122807018,11,1.1529773473739624e-05,0.8888888888888888
high,0,1.0,periodic,21,11.923543088416556,7.5701754385964914,18,1.0434538125991821e-05,0.8888888888888888
high,0,1.0,periodic,22,11.700310742474013,4.8,31,1.633279025554657e-05,0.8
high,0,1.0,periodic,23,13.515147639383601,7.768518518518519,32,1.5748354295889538e-05,0.8333333333333334
high,0,1.0,periodic,24,12.751317174932659,6.340277777777778,31,1.5079664687315622e-05,0.8333333333333334
high,0,1.0,periodic,25,12.699265932728437,6.6232492997198875,16,1.513638666697911e-05,0.8571428571428571
high,0,1.0,periodic,26,11.030925350035842,6.526870007262164,15,1.1750393443637424e-05,0.8888888888888888
high,0,1.0,periodic,27,10.280168056151238,8.119444444444445,13,1.0810792446136475e-05,0.8888888888888888
high,0,1.0,periodic,28,11.385559661572314,6.654761904761904,25,1.351881240095411e-05,0.8571428571428571
high,0,1.0,periodic,29,9.564144584817852,6.694444444444444,10,1.9984319806098938e-05,0.8333333333333334
high,0,1.0,periodic,30,13.4739452345034,5.3,31,1.7017871141433715e-05,0.8
high,0,1.0,periodic,31,17.29448061833159,8.814285714285715,32,1.9476190209388734e-05,0.8
high,0,1.0,periodic,32,12.846564902231687,6.2477718360071295,30,1.7363239418376576e-05,0.8181818181818182
high,0,1.0,periodic,33,8.359515853571674,5.908564814814814,14,1.0034690300623575e-05,0.8888888888888888
high,0,1.0,periodic,34,9.614858389250001,8.020833333333332,9,1.209089532494545e-05,0.875
high,0,1.0,periodic,35,10.396985219643145,7.626218323586745,14,1.1228024959564209e-05,0.8888888888888888
high,0,1.0,periodic,36,8.750689916176798,7.610136452241715,7,1.1426293187671237e-05,0.8888888888888888
high,0,1.0,periodic,37,11.538119635597592,5.467825311942959,28,1.7069618810306896e-05,0.8181818181818182
high,0,1.0,periodic,38,12.402000861637195,5.338888888888889,43,1.8406659364700317e-05,0.8
high,0,1.0,periodic,39,12.791241078632554,6.571428571428571,17,1.3847436223711287e-05,0.8571428571428571
high,0,1.0,event_triggered_no_stability,20,7.055555555555556,7.055555555555556,0,6.457666556040446e-05,1.0
high,0,1.0,event_triggered_no_stability,21,7.052469135802469,7.052469135802469,0,0.1417180775768227,1.0
high,0,1.0,event_triggered_no_stability,22,7.088888888888889,7.088888888888889,0,0.061540063470602036,1.0
high,0,1.0,event_triggered_no_stability,23,7.037037037037037,7.037037037037037,0,0.16256506151209274,1.0
high,0,1.0,event_triggered_no_stability,24,7.122685185185184,7.122685185185184,0,0.05509305403878292,1.0
high,0,1.0,event_triggered_no_stability,25,7.095238095238095,7.095238095238095,0,0.0905325013611998,1.0
high,0,1.0,event_triggered_no_stability,26,7.080246913580247,7.080246913580247,0,0.1445516985323694,1.0
high,0,1.0,event_triggered_no_stability,27,7.0092592592592595,7.0092592592592595,0,0.13748074115978348,1.0
high,0,1.0,event_triggered_no_stability,28,7.071428571428571,7.071428571428571,0,0.047776476347020695,1.0
high,0,1.0,event_triggered_no_stability,29,7.027777777777778,7.027777777777778,0,6.189756095409393e-05,1.0
high,0,1.0,event_triggered_no_stability,30,7.0,7.0,0,0.06209750957787037,1.0
high,0,1.0,event_triggered_no_stability,31,7.083333333333334,7.083333333333334,0,0.19473799280822277,1.0
high,0,1.0,event_triggered_no_stability,32,7.126262626262626,7.126262626262626,0,0.11763052540746602,1.0
high,0,1.0,event_triggered_no_stability,33,7.046296296296296,7.046296296296296,0,0.13695333442754215,1.0
high,0,1.0,event_triggered_no_stability,34,7.020833333333333,7.020833333333333,0,6.030360236763954e-05,1.0
high,0,1.0,event_triggered_no_stability,35,7.070987654320987,7.070987654320987,0,0.07524914294481277,1.0
high,0,1.0,event_triggered_no_stability,36,7.055555555555555,7.055555555555555,0,6.0749550660451256e-05,1.0
high,0,1.0,event_triggered_no_stability,37,7.068181818181818,7.068181818181818,0,0.11019647900353778,1.0
high,0,1.0,event_triggered_no_stability,38,7.061111111111112,7.061111111111112,0,0.04442053263386091,1.0
high,0,1.0,event_triggered_no_stability,39,7.0,7.0,0,0.0892745458653995,1.0
high,0,1.0,mpc,20,1000022.8366288184,1000010.2312399356,70,9.252958827548557e-05,0.0
high,0,1.0,mpc,21,1000033.682387223,1000011.4773148147,113,9.478876988093059e-05,0.0
high,0,1.0,mpc,22,1000017.6733283891,1000008.6238095239,50,8.411146700382233e-05,0.0
high,0,1.0,mpc,23,1000030.3218722088,1000011.7916666666,130,9.015047301848729e-05,0.0
high,0,1.0,mpc,24,1000026.8941997272,1000008.9611010468,124,8.122064173221588e-05,0.0
high,0,1.0,mpc,25,1000026.5882127703,1000010.7532467532,55,8.533416049821036e-05,0.0
high,0,1.0,mpc,26,1000022.2199172806,1000010.25,59,9.302008483144973e-05,0.0
high,0,1.0,mpc,27,1000023.0351331444,1000011.0177777777,59,8.942104048199124e-05,0.0
high,0,1.0,mpc,28,1000026.6920049322,1000010.8986078621,125,8.835537093026298e-05,0.0
high,0,1.0,mpc,29,1000022.7740471581,1000010.5579710145,47,8.586421608924866e-05,0.0
high,0,1.0,mpc,30,1000025.3763411574,1000009.0,85,8.11353325843811e-05,0.0
high,0,1.0,mpc,31,1000030.5344079884,1000013.0415064103,94,9.255558252334595e-05,0.0
high,0,1.0,mpc,32,1000028.1522345372,1000009.8683589138,103,8.29120928590948e-05,0.0
high,0,1.0,mpc,33,1000027.4187667537,1000008.8140933141,93,8.041494422488743e-05,0.0
high,0,1.0,mpc,34,1000026.1249277607,1000012.7900641025,61,9.548058733344078e-05,0.0
high,0,1.0,mpc,35,1000026.1502082066,1000011.1785521884,78,9.220921330981785e-05,0.0
high,0,1.0,mpc,36,1000020.8857566222,1000012.1127858295,56,8.854311373498704e-05,0.0
high,0,1.0,mpc,37,1000030.2914373844,1000010.4032069709,125,8.557770739902149e-05,0.0
high,0,1.0,mpc,38,1000029.0786037652,1000010.0922705313,163,8.421465754508972e-05,0.0
high,0,1.0,mpc,39,1000027.8349900858,1000009.1428571428,74,8.167486105646406e-05,0.0
high,0,1.0,sarcrp,20,7.055555555555556,7.055555555555556,0,6.260805659823948e-05,1.0
high,0,1.0,sarcrp,21,7.052469135802469,7.052469135802469,0,0.13664072255293527,1.0
high,0,1.0,sarcrp,22,7.088888888888889,7.088888888888889,0,0.06739906221628189,1.0
high,0,1.0,sarcrp,23,7.037037037037037,7.037037037037037,0,0.1639274163171649,1.0
high,0,1.0,sarcrp,24,7.122685185185184,7.122685185185184,0,0.05246054474264383,1.0
high,0,1.0,sarcrp,25,7.095238095238095,7.095238095238095,0,0.09077364898153714,1.0
high,0,1.0,sarcrp,26,7.080246913580247,7.080246913580247,0,0.1483024540874693,1.0
high,0,1.0,sarcrp,27,7.0092592592592595,7.0092592592592595,0,0.14710536847511926,1.0
high,0,1.0,sarcrp,28,7.071428571428571,7.071428571428571,0,0.04509905592671463,1.0
high,0,1.0,sarcrp,29,7.027777777777778,7.027777777777778,0,6.675099333127339e-05,1.0
high,0,1.0,sarcrp,30,7.0,7.0,0,0.06413721330463887,1.0
high,0,1.0,sarcrp,31,7.083333333333334,7.083333333333334,0,0.19953784942626954,1.0
high,0,1.0,sarcrp,32,7.126262626262626,7.126262626262626,0,0.11979530650106343,1.0
high,0,1.0,sarcrp,33,7.046296296296296,7.046296296296296,0,0.14506564951605266,1.0
high,0,1.0,sarcrp,34,7.020833333333333,7.020833333333333,0,5.944119766354561e-05,1.0
high,0,1.0,sarcrp,35,7.070987654320987,7.070987654320987,0,0.07004134936465158,1.0
high,0,1.0,sarcrp,36,7.055555555555555,7.055555555555555,0,6.583746936586167e-05,1.0
high,0,1.0,sarcrp,37,7.068181818181818,7.068181818181818,0,0.11758887496861545,1.0
high,0,1.0,sarcrp,38,7.061111111111112,7.061111111111112,0,0.04104725395639738,1.0
high,0,1.0,sarcrp,39,7.0,7.0,0,0.09087516260998589,1.0
high,3,0.0,static,20,7.055555555555556,7.055555555555556,0,2.375907368130154e-07,1.0
high,3,0.0,static,21,7.052469135802469,7.052469135802469,0,2.0654665099249945e-07,1.0
high,3,0.0,static,22,7.088888888888889,7.088888888888889,0,2.1904706954956054e-07,1.0
high,3,0.0,static,23,7.037037037037037,7.037037037037037,0,2.0892669757207236e-07,1.0
high,3,0.0,static,24,7.122685185185184,7.122685185185184,0,1.915420095125834e-07,1.0
high,3,0.0,static,25,7.095238095238095,7.095238095238095,0,2.112771783556257e-07,1.0
high,3,0.0,static,26,7.080246913580247,7.080246913580247,0,2.2765662935045032e-07,1.0
high,3,0.0,static,27,7.0092592592592595,7.0092592592592595,0,2.086162567138672e-07,1.0
high,3,0.0,static,28,7.071428571428571,7.071428571428571,0,1.9797257014683316e-07,1.0
high,3,0.0,static,29,7.027777777777778,7.027777777777778,0,2.2413829962412515e-07,1.0
high,3,0.0,static,30,7.0,7.0,0,2.0302832126617432e-07,1.0
high,3,0.0,static,31,7.083333333333334,7.083333333333334,0,2.0489096641540527e-07,1.0
high,3,0.0,static,32,7.126262626262626,7.126262626262626,0,2.0895491946827283e-07,1.0
high,3,0.0,static,33,7.046296296296296,7.046296296296296,0,2.0985802014668783e-07,1.0
high,3,0.0,static,34,7.020833333333333,7.020833333333333,0,2.1979212760925293e-07,1.0
high,3,0.0,static,35,7.070987654320987,7.070987654320987,0,2.2765662935045032e-07,1.0
high,3,0.0,static,36,7.055555555555555,7.055555555555555,0,2.3014015621609158e-07,1.0
high,3,0.0,static,37,7.068181818181818,7.068181818181818,0,2.0963224497708408e-07,1.0
high,3,0.0,static,38,7.061111111111112,7.061111111111112,0,2.0489096641540527e-07,1.0
high,3,0.0,static,39,7.0,7.0,0,2.123415470123291e-07,1.0
high,3,0.0,full_reopt,20,17.463619361438404,6.169395711500975,55,9.00021857685513e-05,0.0
high,3,0.0,full_reopt,21,31.25628775236682,7.453996101364522,103,9.174272418022156e-05,0.0
high,3,0.0,full_reopt,22,13.767250142485489,4.6,45,8.388869464397431e-05,0.0
high,3,0.0,full_reopt,23,27.484909253437475,7.768518518518519,115,9.243562817573547e-05,0.0
high,3,0.0,full_reopt,24,23.7318452157954,4.921174463937622,107,8.533801883459091e-05,0.0
high,3,0.0,full_reopt,25,19.936483046359534,6.722689075630252,38,9.149312973022461e-05,0.0
high,3,0.0,full_reopt,26,21.560445913828683,6.2254901960784315,61,9.09268856048584e-05,0.0
high,3,0.0,full_reopt,27,20.586239668676583,7.008333333333334,57,8.725540505515205e-05,0.0
high,3,0.0,full_reopt,28,23.991512614521106,6.869047619047619,115,9.033695927688054e-05,0.0
high,3,0.0,full_reopt,29,14.461281391005121,6.527777777777778,30,9.011228879292806e-05,0.0
high,3,0.0,full_reopt,30,25.87289780295024,5.0,87,8.248426020145417e-05,0.0
high,3,0.0,full_reopt,31,30.345939934356863,9.014786967418548,92,9.5348060131073e-05,0.0
high,3,0.0,full_reopt,32,29.412588094036725,5.829044117647059,105,8.510154756632718e-05,0.0
high,3,0.0,full_reopt,33,25.68471110715884,4.791462418300654,88,8.102299438582527e-05,0.0
high,3,0.0,full_reopt,34,21.103090868704573,8.768796992481203,51,9.543495252728462e-05,0.0
high,3,0.0,full_reopt,35,21.202364714627866,7.136988304093568,61,8.661010199122959e-05,0.0
high,3,0.0,full_reopt,36,14.720877281516643,8.053654970760235,42,8.654139108128018e-05,0.0
high,3,0.0,full_reopt,37,27.59612659923458,6.376278262501173,110,8.855793963779102e-05,0.0
high,3,0.0,full_reopt,38,27.354970454995396,6.071929824561404,152,8.184065421422323e-05,0.0
high,3,0.0,full_reopt,39,29.116608098578666,5.142857142857143,75,7.884736571993147e-05,0.0
high,3,0.0,periodic,20,9.918133356314605,7.609649122807018,11,1.1427948872248331e-05,0.8888888888888888
high,3,0.0,periodic,21,11.923543088416556,7.5701754385964914,18,1.1478447251849704e-05,0.8888888888888888
high,3,0.0,periodic,22,11.700310742474013,4.8,31,1.624375581741333e-05,0.8
high,3,0.0,periodic,23,13.515147639383601,7.768518518518519,32,1.5773500005404156e-05,0.8333333333333334
high,3,0.0,periodic,24,12.751317174932659,6.340277777777778,31,1.4331502219041189e-05,0.8333333333333334
high,3,0.0,periodic,25,12.699265932728437,6.6232492997198875,16,1.2675034148352487e-05,0.8571428571428571
high,3,0.0,periodic,26,11.030925350035842,6.526870007262164,15,1.0761949751112195e-05,0.8888888888888888
high,3,0.0,periodic,27,10.280168056151238,8.119444444444445,13,1.1688305271996393e-05,0.8888888888888888
high,3,0.0,periodic,28,11.385559661572314,6.654761904761904,25,1.3132446578570775e-05,0.8571428571428571
high,3,0.0,periodic,29,9.564144584817852,6.694444444444444,10,1.471489667892456e-05,0.8333333333333334
high,3,0.0,periodic,30,13.4739452345034,5.3,31,1.6547739505767822e-05,0.8
high,3,0.0,periodic,31,17.29448061833159,8.814285714285715,32,2.0266324281692504e-05,0.8
high,3,0.0,periodic,32,12.846564902231687,6.2477718360071295,30,1.688572493466464e-05,0.8181818181818182
high,3,0.0,periodic,33,8.359515853571674,5.908564814814814,14,1.018908288743761e-05,0.8888888888888888
high,3,0.0,periodic,34,9.614858389250001,8.020833333333332,9,1.2155156582593918e-05,0.875
high,3,0.0,periodic,35,10.396985219643145,7.626218323586745,14,1.060714324315389e-05,0.8888888888888888
high,3,0.0,periodic,36,8.750689916176798,7.610136452241715,7,1.0521461566289267e-05,0.8888888888888888
high,3,0.0,periodic,37,11.538119635597592,5.467825311942959,28,1.5607273036783393e-05,0.8181818181818182
high,3,0.0,periodic,38,12.402000861637195,5.338888888888889,43,1.8606086572011313e-05,0.8
high,3,0.0,periodic,39,12.791241078632554,6.571428571428571,17,1.3539301497595651e-05,0.8571428571428571
high,3,0.0,event_triggered_no_stability,20,7.055555555555556,7.055555555555556,0,6.137291590372722e-05,1.0
high,3,0.0,event_triggered_no_stability,21,7.052469135802469,7.052469135802469,0,0.14750659672750366,1.0
high,3,0.0,event_triggered_no_stability,22,7.088888888888889,7.088888888888889,0,0.06282519064843654,1.0
high,3,0.0,event_triggered_no_stability,23,7.037037037037037,7.037037037037037,0,0.16452584384630123,1.0
high,3,0.0,event_triggered_no_stability,24,7.122685185185184,7.122685185185184,0,0.057401267190774284,1.0
high,3,0.0,event_triggered_no_stability,25,7.095238095238095,7.095238095238095,0,0.09244338316576821,1.0
high,3,0.0,event_triggered_no_stability,26,7.080246913580247,7.080246913580247,0,0.14687230437994003,1.0
high,3,0.0,event_triggered_no_stability,27,7.0092592592592595,7.0092592592592595,0,0.13911818133460152,1.0
high,3,0.0,event_triggered_no_stability,28,7.071428571428571,7.071428571428571,0,0.048087336122989655,1.0
high,3,0.0,event_triggered_no_stability,29,7.027777777777778,7.027777777777778,0,6.138533353805542e-05,1.0
high,3,0.0,event_triggered_no_stability,30,7.0,7.0,0,0.06197648420929909,1.0
high,3,0.0,event_triggered_no_stability,31,7.083333333333334,7.083333333333334,0,0.19910480193793773,1.0
high,3,0.0,event_triggered_no_stability,32,7.126262626262626,7.126262626262626,0,0.12053494866598737,1.0
high,3,0.0,event_triggered_no_stability,33,7.046296296296296,7.046296296296296,0,0.14573480685551962,1.0
high,3,0.0,event_triggered_no_stability,34,7.020833333333333,7.020833333333333,0,6.562937051057816e-05,1.0
high,3,0.0,event_triggered_no_stability,35,7.070987654320987,7.070987654320987,0,0.07096797269251612,1.0
high,3,0.0,event_triggered_no_stability,36,7.055555555555555,7.055555555555555,0,6.549805402755737e-05,1.0
high,3,0.0,event_triggered_no_stability,37,7.068181818181818,7.068181818181818,0,0.11929881301793185,1.0
high,3,0.0,event_triggered_no_stability,38,7.061111111111112,7.061111111111112,0,0.041552882889906564,1.0
high,3,0.0,event_triggered_no_stability,39,7.0,7.0,0,0.09068024105259351,1.0
high,3,0.0,mpc,20,1000022.8366288184,1000010.2312399356,70,8.661838041411506e-05,0.0
high,3,0.0,mpc,21,1000033.682387223,1000011.4773148147,113,9.624618622991774e-05,0.0
high,3,0.0,mpc,22,1000017.6733283891,1000008.6238095239,50,8.12869518995285e-05,0.0
high,3,0.0,mpc,23,1000030.3218722088,1000011.7916666666,130,9.916226069132487e-05,0.0
high,3,0.0,mpc,24,1000026.8941997272,1000008.9611010468,124,8.825895686944325e-05,0.0
high,3,0.0,mpc,25,1000026.5882127703,1000010.7532467532,55,8.749642542430333e-05,0.0
high,3,0.0,mpc,26,1000022.2199172806,1000010.25,59,9.288928574985928e-05,0.0
high,3,0.0,mpc,27,1000023.0351331444,1000011.0177777777,59,9.372416469785903e-05,0.0
high,3,0.0,mpc,28,1000026.6920049322,1000010.8986078621,125,9.280629456043243e-05,0.0
high,3,0.0,mpc,29,1000022.7740471581,1000010.5579710145,47,9.069964289665222e-05,0.0
high,3,0.0,mpc,30,1000025.3763411574,1000009.0,85,8.186809718608856e-05,0.0
high,3,0.0,mpc,31,1000030.5344079884,1000013.0415064103,94,9.516552090644836e-05,0.0
high,3,0.0,mpc,32,1000028.1522345372,1000009.8683589138,103,8.723478425632824e-05,0.0
high,3,0.0,mpc,33,1000027.4187667537,1000008.8140933141,93,8.950175510512458e-05,0.0
high,3,0.0,mpc,34,1000026.1249277607,1000012.7900641025,61,0.00010252092033624649,0.0
high,3,0.0,mpc,35,1000026.1502082066,1000011.1785521884,78,9.065245588620503e-05,0.0
high,3,0.0,mpc,36,1000020.8857566222,1000012.1127858295,56,9.001336163944668e-05,0.0
high,3,0.0,mpc,37,1000030.2914373844,1000010.4032069709,125,9.162046692588113e-05,0.0
high,3,0.0,mpc,38,1000029.0786037652,1000010.0922705313,163,8.433635036150614e-05,0.0
high,3,0.0,mpc,39,1000027.8349900858,1000009.1428571428,74,8.563378027507238e-05,0.0
high,3,0.0,sarcrp,20,7.055555555555556,7.055555555555556,0,6.200248996416728e-05,1.0
high,3,0.0,sarcrp,21,7.052469135802469,7.052469135802469,0,0.14562211020125282,1.0
high,3,0.0,sarcrp,22,7.088888888888889,7.088888888888889,0,0.06240827068686485,1.0
high,3,0.0,sarcrp,23,7.037037037037037,7.037037037037037,0,0.16422800874958435,1.0
high,3,0.0,sarcrp,24,7.122685185185184,7.122685185185184,0,0.056790996032456555,1.0
high,3,0.0,sarcrp,25,7.095238095238095,7.095238095238095,0,0.09260782120483262,1.0
high,3,0.0,sarcrp,26,7.080246913580247,7.080246913580247,0,0.14720391730467478,1.0
high,3,0.0,sarcrp,27,7.0092592592592595,7.0092592592592595,0,0.13991527714663082,1.0
high,3,0.0,sarcrp,28,7.071428571428571,7.071428571428571,0,0.04821725455777986,1.0
high,3,0.0,sarcrp,29,7.027777777777778,7.027777777777778,0,6.0986727476119995e-05,1.0
high,3,0.0,sarcrp,30,7.0,7.0,0,0.06272911690175534,1.0
high,3,0.0,sarcrp,31,7.083333333333334,7.083333333333334,0,0.19939625598490238,1.0
high,3,0.0,sarcrp,32,7.126262626262626,7.126262626262626,0,0.12165175513787703,1.0
high,3,0.0,sarcrp,33,7.046296296296296,7.046296296296296,0,0.1469881691866451,1.0
high,3,0.0,sarcrp,34,7.020833333333333,7.020833333333333,0,6.499607115983963e-05,1.0
high,3,0.0,sarcrp,35,7.070987654320987,7.070987654320987,0,0.07201786753204134,1.0
high,3,0.0,sarcrp,36,7.055555555555555,7.055555555555555,0,6.17533094353146e-05,1.0
high,3,0.0,sarcrp,37,7.068181818181818,7.068181818181818,0,0.12011098523031581,1.0
high,3,0.0,sarcrp,38,7.061111111111112,7.061111111111112,0,0.041681481152772905,1.0
high,3,0.0,sarcrp,39,7.0,7.0,0,0.09029428714088031,1.0
high,3,0.5,static,20,7.055555555555556,7.055555555555556,0,2.620120843251546e-07,1.0
high,3,0.5,static,21,7.052469135802469,7.052469135802469,0,2.2186173333062067e-07,1.0
high,3,0.5,static,22,7.088888888888889,7.088888888888889,0,2.0973384380340575e-07,1.0
high,3,0.5,static,23,7.037037037037037,7.037037037037037,0,1.8409142891565958e-07,1.0
high,3,0.5,static,24,7.122685185185184,7.122685185185184,0,2.0364920298258463e-07,1.0
high,3,0.5,static,25,7.095238095238095,7.095238095238095,0,2.05423150743757e-07,1.0
high,3,0.5,static,26,7.080246913580247,7.080246913580247,0,2.0944409900241428e-07,1.0
high,3,0.5,static,27,7.0092592592592595,7.0092592592592595,0,2.1068586243523492e-07,1.0
high,3,0.5,static,28,7.071428571428571,7.071428571428571,0,1.9132026604243686e-07,1.0
high,3,0.5,static,29,7.027777777777778,7.027777777777778,0,2.086162567138672e-07,1.0
high,3,0.5,static,30,7.0,7.0,0,1.7955899238586427e-07,1.0
high,3,0.5,static,31,7.083333333333334,7.083333333333334,0,1.862645149230957e-07,1.0
high,3,0.5,static,32,7.126262626262626,7.126262626262626,0,1.9608573480085892e-07,1.0
high,3,0.5,static,33,7.046296296296296,7.046296296296296,0,1.9288725323147244e-07,1.0
high,3,0.5,static,34,7.020833333333333,7.020833333333333,0,1.969747245311737e-07,1.0
high,3,0.5,static,35,7.070987654320987,7.070987654320987,0,1.8957588407728406e-07,1.0
high,3,0.5,static,36,7.055555555555555,7.055555555555555,0,2.0406312412685818e-07,1.0
high,3,0.5,static,37,7.068181818181818,7.068181818181818,0,1.8118457360701126e-07,1.0
high,3,0.5,static,38,7.061111111111112,7.061111111111112,0,2.006689707438151e-07,1.0
high,3,0.5,static,39,7.0,7.0,0,2.0276222910199847e-07,1.0
high,3,0.5,full_reopt,20,17.463619361438404,6.169395711500975,55,8.665314979023403e-05,0.0
high,3,0.5,full_reopt,21,31.25628775236682,7.453996101364522,103,8.532942997084724e-05,0.0
high,3,0.5,full_reopt,22,13.767250142485489,4.6,45,7.840394973754883e-05,0.0
high,3,0.5,full_reopt,23,27.484909253437475,7.768518518518519,115,8.727361758550008e-05,0.0
high,3,0.5,full_reopt,24,23.7318452157954,4.921174463937622,107,7.973363002141316e-05,0.0
high,3,0.5,full_reopt,25,19.936483046359534,6.722689075630252,38,8.97390501839774e-05,0.0
high,3,0.5,full_reopt,26,21.560445913828683,6.2254901960784315,61,8.283886644575332e-05,0.0
high,3,0.5,full_reopt,27,20.586239668676583,7.008333333333334,57,8.789077401161194e-05,0.0
high,3,0.5,full_reopt,28,23.991512614521106,6.869047619047619,115,8.740276098251343e-05,0.0
high,3,0.5,full_reopt,29,14.461281391005121,6.527777777777778,30,8.82794459660848e-05,0.0
high,3,0.5,full_reopt,30,25.87289780295024,5.0,87,8.003190159797669e-05,0.0
high,3,0.5,full_reopt,31,30.345939934356863,9.014786967418548,92,8.988827466964722e-05,0.0
high,3,0.5,full_reopt,32,29.412588094036725,5.829044117647059,105,8.233873681588607e-05,0.0
high,3,0.5,full_reopt,33,25.68471110715884,4.791462418300654,88,8.664818273650276e-05,0.0
high,3,0.5,full_reopt,34,21.103090868704573,8.768796992481203,51,9.919609874486923e-05,0.0
high,3,0.5,full_reopt,35,21.202364714627866,7.136988304093568,61,9.235574139489068e-05,0.0
high,3,0.5,full_reopt,36,14.720877281516643,8.053654970760235,42,8.716185887654622e-05,0.0
high,3,0.5,full_reopt,37,27.59612659923458,6.376278262501173,110,8.438967845656656e-05,0.0
high,3,0.5,full_reopt,38,27.354970454995396,6.071929824561404,152,8.281618356704712e-05,0.0
high,3,0.5,full_reopt,39,29.116608098578666,5.142857142857143,75,7.926140512738909e-05,0.0
high,3,0.5,periodic,20,9.918133356314605,7.609649122807018,11,1.129921939637926e-05,0.8888888888888888
high,3,0.5,periodic,21,11.923543088416556,7.5701754385964914,18,1.0996229118771023e-05,0.8888888888888888
high,3,0.5,periodic,22,11.700310742474013,4.8,31,1.6444921493530272e-05,0.8
high,3,0.5,periodic,23,13.515147639383601,7.768518518518519,32,1.6706374784310658e-05,0.8333333333333334
high,3,0.5,periodic,24,12.751317174932659,6.340277777777778,31,1.444295048713684e-05,0.8333333333333334
high,3,0.5,periodic,25,12.699265932728437,6.6232492997198875,16,1.2628201927457536e-05,0.8571428571428571
high,3,0.5,periodic,26,11.030925350035842,6.526870007262164,15,9.994539949629041e-06,0.8888888888888888
high,3,0.5,periodic,27,10.280168056151238,8.119444444444445,13,1.0962701506084866e-05,0.8888888888888888
high,3,0.5,periodic,28,11.385559661572314,6.654761904761904,25,1.2937667114394052e-05,0.8571428571428571
high,3,0.5,periodic,29,9.564144584817852,6.694444444444444,10,1.4963870247205099e-05,0.8333333333333334
high,3,0.5,periodic,30,13.4739452345034,5.3,31,1.9577518105506898e-05,0.8
high,3,0.5,periodic,31,17.29448061833159,8.814285714285715,32,2.0642206072807313e-05,0.8
high,3,0.5,periodic,32,12.846564902231687,6.2477718360071295,30,1.6933137720281426e-05,0.8181818181818182
high,3,0.5,periodic,33,8.359515853571674,5.908564814814814,14,9.796271721522013e-06,0.8888888888888888
high,3,0.5,periodic,34,9.614858389250001,8.020833333333332,9,1.234840601682663e-05,0.875
high,3,0.5,periodic,35,10.396985219643145,7.626218323586745,14,1.0541329781214396e-05,0.8888888888888888
high,3,0.5,periodic,36,8.750689916176798,7.610136452241715,7,1.1148966021007962e-05,0.8888888888888888
high,3,0.5,periodic,37,11.538119635597592,5.467825311942959,28,1.6380101442337036e-05,0.8181818181818182
high,3,0.5,periodic,38,12.402000861637195,5.338888888888889,43,1.803214351336161e-05,0.8
high,3,0.5,periodic,39,12.791241078632554,6.571428571428571,17,1.284160784312657e-05,0.8571428571428571
high,3,0.5,event_triggered_no_stability,20,7.055555555555556,7.055555555555556,0,6.221069229973687e-05,1.0
high,3,0.5,event_triggered_no_stability,21,7.052469135802469,7.052469135802469,0,0.145611681871944,1.0
high,3,0.5,event_triggered_no_stability,22,7.088888888888889,7.088888888888889,0,0.06814008876681328,1.0
high,3,0.5,event_triggered_no_stability,23,7.037037037037037,7.037037037037037,0,0.1639132626975576,1.0
high,3,0.5,event_triggered_no_stability,24,7.122685185185184,7.122685185185184,0,0.05174981957922379,1.0
high,3,0.5,event_triggered_no_stability,25,7.095238095238095,7.095238095238095,0,0.09236877305167061,1.0
high,3,0.5,event_triggered_no_stability,26,7.080246913580247,7.080246913580247,0,0.15026141910089386,1.0
high,3,0.5,event_triggered_no_stability,27,7.0092592592592595,7.0092592592592595,0,0.1495614213248094,1.0
high,3,0.5,event_triggered_no_stability,28,7.071428571428571,7.071428571428571,0,0.04484188849372523,1.0
high,3,0.5,event_triggered_no_stability,29,7.027777777777778,7.027777777777778,0,6.740291913350423e-05,1.0
high,3,0.5,event_triggered_no_stability,30,7.0,7.0,0,0.06286332756280899,1.0
high,3,0.5,event_triggered_no_stability,31,7.083333333333334,7.083333333333334,0,0.20513825230300425,1.0
high,3,0.5,event_triggered_no_stability,32,7.126262626262626,7.126262626262626,0,0.11660092290152203,1.0
high,3,0.5,event_triggered_no_stability,33,7.046296296296296,7.046296296296296,0,0.14603322330448362,1.0
high,3,0.5,event_triggered_no_stability,34,7.020833333333333,7.020833333333333,0,6.542680785059929e-05,1.0
high,3,0.5,event_triggered_no_stability,35,7.070987654320987,7.070987654320987,0,0.0712398932211929,1.0
high,3,0.5,event_triggered_no_stability,36,7.055555555555555,7.055555555555555,0,6.120238039228652e-05,1.0
high,3,0.5,event_triggered_no_stability,37,7.068181818181818,7.068181818181818,0,0.1204079816287214,1.0
high,3,0.5,event_triggered_no_stability,38,7.061111111111112,7.061111111111112,0,0.04221900999546051,1.0
high,3,0.5,event_triggered_no_stability,39,7.0,7.0,0,0.09849796550614494,1.0
high,3,0.5,mpc,20,1000022.8366288184,1000010.2312399356,70,9.349733591079712e-05,0.0
high,3,0.5,mpc,21,1000033.682387223,1000011.4773148147,113,9.753803412119548e-05,0.0
high,3,0.5,mpc,22,1000017.6733283891,1000008.6238095239,50,8.556656539440154e-05,0.0
high,3,0.5,mpc,23,1000030.3218722088,1000011.7916666666,130,8.988380432128906e-05,0.0
high,3,0.5,mpc,24,1000026.8941997272,1000008.9611010468,124,8.744342873493831e-05,0.0
high,3,0.5,mpc,25,1000026.5882127703,1000010.7532467532,55,9.00035457951682e-05,0.0
high,3,0.5,mpc,26,1000022.2199172806,1000010.25,59,8.862341443697612e-05,0.0
high,3,0.5,mpc,27,1000023.0351331444,1000011.0177777777,59,8.743049369917976e-05,0.0
high,3,0.5,mpc,28,1000026.6920049322,1000010.8986078621,125,8.985772728919983e-05,0.0
high,3,0.5,mpc,29,1000022.7740471581,1000010.5579710145,47,9.09871111313502e-05,0.0
high,3,0.5,mpc,30,1000025.3763411574,1000009.0,85,8.096173405647278e-05,0.0
high,3,0.5,mpc,31,1000030.5344079884,1000013.0415064103,94,0.00010095871984958649,0.0
high,3,0.5,mpc,32,1000028.1522345372,1000009.8683589138,103,8.516487750140104e-05,0.0
high,3,0.5,mpc,33,1000027.4187667537,1000008.8140933141,93,8.46588777171241e-05,0.0
high,3,0.5,mpc,34,1000026.1249277607,1000012.7900641025,61,9.162537753582001e-05,0.0
high,3,0.5,mpc,35,1000026.1502082066,1000011.1785521884,78,8.672061893675063e-05,0.0
high,3,0.5,mpc,36,1000020.8857566222,1000012.1127858295,56,8.952286508348252e-05,0.0
high,3,0.5,mpc,37,1000030.2914373844,1000010.4032069709,125,8.609857071529736e-05,0.0
high,3,0.5,mpc,38,1000029.0786037652,1000010.0922705313,163,8.524358272552491e-05,0.0
high,3,0.5,mpc,39,1000027.8349900858,1000009.1428571428,74,8.509840284075056e-05,0.0
high,3,0.5,sarcrp,20,7.055555555555556,7.055555555555556,0,5.920355518658956e-05,1.0
high,3,0.5,sarcrp,21,7.052469135802469,7.052469135802469,0,0.1387268453836441,1.0
high,3,0.5,sarcrp,22,7.088888888888889,7.088888888888889,0,0.06772127263247966,1.0
high,3,0.5,sarcrp,23,7.037037037037037,7.037037037037037,0,0.16411699975530306,1.0
high,3,0.5,sarcrp,24,7.122685185185184,7.122685185185184,0,0.0517433068404595,1.0
high,3,0.5,sarcrp,25,7.095238095238095,7.095238095238095,0,0.10044393528785024,1.0
high,3,0.5,sarcrp,26,7.080246913580247,7.080246913580247,0,0.1408524157272445,1.0
high,3,0.5,sarcrp,27,7.0092592592592595,7.0092592592592595,0,0.1466530640092161,1.0
high,3,0.5,sarcrp,28,7.071428571428571,7.071428571428571,0,0.04406003068600382,1.0
high,3,0.5,sarcrp,29,7.027777777777778,7.027777777777778,0,6.644489864508311e-05,1.0
high,3,0.5,sarcrp,30,7.0,7.0,0,0.0679536547511816,1.0
high,3,0.5,sarcrp,31,7.083333333333334,7.083333333333334,0,0.19837016761302947,1.0
high,3,0.5,sarcrp,32,7.126262626262626,7.126262626262626,0,0.11531807380643758,1.0
high,3,0.5,sarcrp,33,7.046296296296296,7.046296296296296,0,0.1483057393795914,1.0
high,3,0.5,sarcrp,34,7.020833333333333,7.020833333333333,0,6.460817530751228e-05,1.0
high,3,0.5,sarcrp,35,7.070987654320987,7.070987654320987,0,0.07706152730517918,1.0
high,3,0.5,sarcrp,36,7.055555555555555,7.055555555555555,0,6.1219765080346e-05,1.0
high,3,0.5,sarcrp,37,7.068181818181818,7.068181818181818,0,0.11514004421505061,1.0
high,3,0.5,sarcrp,38,7.061111111111112,7.061111111111112,0,0.045336857934792835,1.0
high,3,0.5,sarcrp,39,7.0,7.0,0,0.09054793204580035,1.0
high,3,1.0,static,20,7.055555555555556,7.055555555555556,0,2.446273962656657e-07,1.0
high,3,1.0,static,21,7.052469135802469,7.052469135802469,0,1.9123156865437826e-07,1.0
high,3,1.0,static,22,7.088888888888889,7.088888888888889,0,2.0116567611694336e-07,1.0
high,3,1.0,static,23,7.037037037037037,7.037037037037037,0,1.80987020333608e-07,1.0
high,3,1.0,static,24,7.122685185185184,7.122685185185184,0,1.893689235051473e-07,1.0
high,3,1.0,static,25,7.095238095238095,7.095238095238095,0,2.2298523357936313e-07,1.0
high,3,1.0,static,26,7.080246913580247,7.080246913580247,0,2.0406312412685818e-07,1.0
high,3,1.0,static,27,7.0092592592592595,7.0092592592592595,0,2.086162567138672e-07,1.0
high,3,1.0,static,28,7.071428571428571,7.071428571428571,0,1.9265072686331613e-07,1.0
high,3,1.0,static,29,7.027777777777778,7.027777777777778,0,2.0489096641540527e-07,1.0
high,3,1.0,static,30,7.0,7.0,0,1.9744038581848145e-07,1.0
high,3,1.0,static,31,7.083333333333334,7.083333333333334,0,2.086162567138672e-07,1.0
high,3,1.0,static,32,7.126262626262626,7.126262626262626,0,1.9269910725680264e-07,1.0
high,3,1.0,static,33,7.046296296296296,7.046296296296296,0,1.9330117437574597e-07,1.0
high,3,1.0,static,34,7.020833333333333,7.020833333333333,0,1.9278377294540405e-07,1.0
high,3,1.0,static,35,7.070987654320987,7.070987654320987,0,1.9288725323147244e-07,1.0
high,3,1.0,static,36,7.055555555555555,7.055555555555555,0,2.086162567138672e-07,1.0
high,3,1.0,static,37,7.068181818181818,7.068181818181818,0,1.971017230640758e-07,1.0
high,3,1.0,static,38,7.061111111111112,7.061111111111112,0,1.735985279083252e-07,1.0
high,3,1.0,static,39,7.0,7.0,0,2.0223004477364676e-07,1.0
high,3,1.0,full_reopt,20,17.463619361438404,6.169395711500975,55,8.153335915671455e-05,0.0
high,3,1.0,full_reopt,21,31.25628775236682,7.453996101364522,103,9.420224361949497e-05,0.0
high,3,1.0,full_reopt,22,13.767250142485489,4.6,45,8.405633270740509e-05,0.0
high,3,1.0,full_reopt,23,27.484909253437475,7.768518518518519,115,8.499901741743088e-05,0.0
high,3,1.0,full_reopt,24,23.7318452157954,4.921174463937622,107,8.200171093146007e-05,0.0
high,3,1.0,full_reopt,25,19.936483046359534,6.722689075630252,38,8.321500250271388e-05,0.0
high,3,1.0,full_reopt,26,21.560445913828683,6.2254901960784315,61,8.198825849427117e-05,0.0
high,3,1.0,full_reopt,27,20.586239668676583,7.008333333333334,57,8.42346085442437e-05,0.0
high,3,1.0,full_reopt,28,23.991512614521106,6.869047619047619,115,8.362957409449987e-05,0.0
high,3,1.0,full_reopt,29,14.461281391005121,6.527777777777778,30,8.281879127025604e-05,0.0
high,3,1.0,full_reopt,30,25.87289780295024,5.0,87,7.909387350082397e-05,0.0
high,3,1.0,full_reopt,31,30.345939934356863,9.014786967418548,92,8.864104747772217e-05,0.0
high,3,1.0,full_reopt,32,29.412588094036725,5.829044117647059,105,8.058514107357372e-05,0.0
high,3,1.0,full_reopt,33,25.68471110715884,4.791462418300654,88,7.834326889779832e-05,0.0
high,3,1.0,full_reopt,34,21.103090868704573,8.768796992481203,51,9.28584486246109e-05,0.0
high,3,1.0,full_reopt,35,21.202364714627866,7.136988304093568,61,8.749134010738797e-05,0.0
high,3,1.0,full_reopt,36,14.720877281516643,8.053654970760235,42,8.705920643276638e-05,0.0
high,3,1.0,full_reopt,37,27.59612659923458,6.376278262501173,110,8.530576120723377e-05,0.0
high,3,1.0,full_reopt,38,27.354970454995396,6.071929824561404,152,8.371571699778239e-05,0.0
high,3,1.0,full_reopt,39,29.116608098578666,5.142857142857143,75,8.989870548248291e-05,0.0
high,3,1.0,periodic,20,9.918133356314605,7.609649122807018,11,1.0792993836932712e-05,0.8888888888888888
high,3,1.0,periodic,21,11.923543088416556,7.5701754385964914,18,1.1279351181454129e-05,0.8888888888888888
high,3,1.0,periodic,22,11.700310742474013,4.8,31,1.824796199798584e-05,0.8
high,3,1.0,periodic,23,13.515147639383601,7.768518518518519,32,1.5795851747194927e-05,0.8333333333333334
high,3,1.0,periodic,24,12.751317174932659,6.340277777777778,31,1.4979392290115356e-05,0.8333333333333334
high,3,1.0,periodic,25,12.699265932728437,6.6232492997198875,16,1.2827238866261073e-05,0.8571428571428571
high,3,1.0,periodic,26,11.030925350035842,6.526870007262164,15,1.0041313038931952e-05,0.8888888888888888
high,3,1.0,periodic,27,10.280168056151238,8.119444444444445,13,1.0843906137678358e-05,0.8888888888888888
high,3,1.0,periodic,28,11.385559661572314,6.654761904761904,25,1.3108232191630772e-05,0.8571428571428571
high,3,1.0,periodic,29,9.564144584817852,6.694444444444444,10,1.4996776978174845e-05,0.8333333333333334
high,3,1.0,periodic,30,13.4739452345034,5.3,31,1.6689300537109375e-05,0.8
high,3,1.0,periodic,31,17.29448061833159,8.814285714285715,32,2.0527094602584838e-05,0.8
high,3,1.0,periodic,32,12.846564902231687,6.2477718360071295,30,1.593035730448636e-05,0.8181818181818182
high,3,1.0,periodic,33,8.359515853571674,5.908564814814814,14,1.0073184967041016e-05,0.8888888888888888
high,3,1.0,periodic,34,9.614858389250001,8.020833333333332,9,1.2765172868967056e-05,0.875
high,3,1.0,periodic,35,10.396985219643145,7.626218323586745,14,1.0434538125991821e-05,0.8888888888888888
high,3,1.0,periodic,36,8.750689916176798,7.610136452241715,7,1.0439919100867377e-05,0.8888888888888888
high,3,1.0,periodic,37,11.538119635597592,5.467825311942959,28,1.555173234506087e-05,0.8181818181818182
high,3,1.0,periodic,38,12.402000861637195,5.338888888888889,43,1.6833841800689698e-05,0.8
high,3,1.0,periodic,39,12.791241078632554,6.571428571428571,17,1.2627669743129186e-05,0.8571428571428571
high,3,1.0,event_triggered_no_stability,20,7.055555555555556,7.055555555555556,0,6.025491489304436e-05,1.0
high,3,1.0,event_triggered_no_stability,21,7.052469135802469,7.052469135802469,0,0.14490117836329672,1.0
high,3,1.0,event_triggered_no_stability,22,7.088888888888889,7.088888888888889,0,0.06274141892790794,1.0
high,3,1.0,event_triggered_no_stability,23,7.037037037037037,7.037037037037037,0,0.16416303968677917,1.0
high,3,1.0,event_triggered_no_stability,24,7.122685185185184,7.122685185185184,0,0.05163345579057932,1.0
high,3,1.0,event_triggered_no_stability,25,7.095238095238095,7.095238095238095,0,0.10067184535520417,1.0
high,3,1.0,event_triggered_no_stability,26,7.080246913580247,7.080246913580247,0,0.14139212957686847,1.0
high,3,1.0,event_triggered_no_stability,27,7.0092592592592595,7.0092592592592595,0,0.14675993099808693,1.0
high,3,1.0,event_triggered_no_stability,28,7.071428571428571,7.071428571428571,0,0.044141763022967746,1.0
high,3,1.0,event_triggered_no_stability,29,7.027777777777778,7.027777777777778,0,6.498272220293681e-05,1.0
high,3,1.0,event_triggered_no_stability,30,7.0,7.0,0,0.06797820925712586,1.0
high,3,1.0,event_triggered_no_stability,31,7.083333333333334,7.083333333333334,0,0.1979002557694912,1.0
high,3,1.0,event_triggered_no_stability,32,7.126262626262626,7.126262626262626,0,0.11488667028871449,1.0
high,3,1.0,event_triggered_no_stability,33,7.046296296296296,7.046296296296296,0,0.14595512424906096,1.0
high,3,1.0,event_triggered_no_stability,34,7.020833333333333,7.020833333333333,0,6.52712769806385e-05,1.0
high,3,1.0,event_triggered_no_stability,35,7.070987654320987,7.070987654320987,0,0.07747725314564174,1.0
high,3,1.0,event_triggered_no_stability,36,7.055555555555555,7.055555555555555,0,6.730233629544576e-05,1.0
high,3,1.0,event_triggered_no_stability,37,7.068181818181818,7.068181818181818,0,0.11433227258649739,1.0
high,3,1.0,event_triggered_no_stability,38,7.061111111111112,7.061111111111112,0,0.045085498690605165,1.0
high,3,1.0,event_triggered_no_stability,39,7.0,7.0,0,0.09013423483286585,1.0
high,3,1.0,mpc,20,1000022.8366288184,1000010.2312399356,70,8.74267684088813e-05,0.0
high,3,1.0,mpc,21,1000033.682387223,1000011.4773148147,113,8.941814303398132e-05,0.0
high,3,1.0,mpc,22,1000017.6733283891,1000008.6238095239,50,8.206553757190704e-05,0.0
high,3,1.0,mpc,23,1000030.3218722088,1000011.7916666666,130,8.978477368752162e-05,0.0
high,3,1.0,mpc,24,1000026.8941997272,1000008.9611010468,124,8.29848771293958e-05,0.0
high,3,1.0,mpc,25,1000026.5882127703,1000010.7532467532,55,9.560638240405492e-05,0.0
high,3,1.0,mpc,26,1000022.2199172806,1000010.25,59,8.924388223224216e-05,0.0
high,3,1.0,mpc,27,1000023.0351331444,1000011.0177777777,59,8.732742733425564e-05,0.0
high,3,1.0,mpc,28,1000026.6920049322,1000010.8986078621,125,9.202158876827784e-05,0.0
high,3,1.0,mpc,29,1000022.7740471581,1000010.5579710145,47,8.771133919556935e-05,0.0
high,3,1.0,mpc,30,1000025.3763411574,1000009.0,85,8.603110909461975e-05,0.0
high,3,1.0,mpc,31,1000030.5344079884,1000013.0415064103,94,9.410195052623749e-05,0.0
high,3,1.0,mpc,32,1000028.1522345372,1000009.8683589138,103,8.956884795969182e-05,0.0
high,3,1.0,mpc,33,1000027.4187667537,1000008.8140933141,93,8.200605710347493e-05,0.0
high,3,1.0,mpc,34,1000026.1249277607,1000012.7900641025,61,9.242398664355278e-05,0.0
high,3,1.0,mpc,35,1000026.1502082066,1000011.1785521884,78,8.81589949131012e-05,0.0
high,3,1.0,mpc,36,1000020.8857566222,1000012.1127858295,56,9.213263789812724e-05,0.0
high,3,1.0,mpc,37,1000030.2914373844,1000010.4032069709,125,8.592822334983133e-05,0.0
high,3,1.0,mpc,38,1000029.0786037652,1000010.0922705313,163,8.498430252075195e-05,0.0
high,3,1.0,mpc,39,1000027.8349900858,1000009.1428571428,74,8.729685630117144e-05,0.0
high,3,1.0,sarcrp,20,7.055555555555556,7.055555555555556,0,5.947425961494446e-05,1.0
high,3,1.0,sarcrp,21,7.052469135802469,7.052469135802469,0,0.1462504023479091,1.0
high,3,1.0,sarcrp,22,7.088888888888889,7.088888888888889,0,0.062274881452322,1.0
high,3,1.0,sarcrp,23,7.037037037037037,7.037037037037037,0,0.16402033157646656,1.0
high,3,1.0,sarcrp,24,7.122685185185184,7.122685185185184,0,0.05131407516698042,1.0
high,3,1.0,sarcrp,25,7.095238095238095,7.095238095238095,0,0.09998685547283717,1.0
high,3,1.0,sarcrp,26,7.080246913580247,7.080246913580247,0,0.14565408560964796,1.0
high,3,1.0,sarcrp,27,7.0092592592592595,7.0092592592592595,0,0.1397880038453473,1.0
high,3,1.0,sarcrp,28,7.071428571428571,7.071428571428571,0,0.04788782314530441,1.0
high,3,1.0,sarcrp,29,7.027777777777778,7.027777777777778,0,6.072471539179484e-05,1.0
high,3,1.0,sarcrp,30,7.0,7.0,0,0.06217545457184315,1.0
high,3,1.0,sarcrp,31,7.083333333333334,7.083333333333334,0,0.1974357094615698,1.0
high,3,1.0,sarcrp,32,7.126262626262626,7.126262626262626,0,0.1205631247298284,1.0
high,3,1.0,sarcrp,33,7.046296296296296,7.046296296296296,0,0.13949294636646906,1.0
high,3,1.0,sarcrp,34,7.020833333333333,7.020833333333333,0,6.337929517030716e-05,1.0
high,3,1.0,sarcrp,35,7.070987654320987,7.070987654320987,0,0.07807340390152401,1.0
high,3,1.0,sarcrp,36,7.055555555555555,7.055555555555555,0,6.397151284747654e-05,1.0
high,3,1.0,sarcrp,37,7.068181818181818,7.068181818181818,0,0.11956847086548805,1.0
high,3,1.0,sarcrp,38,7.061111111111112,7.061111111111112,0,0.041450089464584984,1.0
high,3,1.0,sarcrp,39,7.0,7.0,0,0.09008843238864626,1.0
high,5,0.0,static,20,7.055555555555556,7.055555555555556,0,2.3138191964891223e-07,1.0
high,5,0.0,static,21,7.052469135802469,7.052469135802469,0,1.8916196293301053e-07,1.0
high,5,0.0,static,22,7.088888888888889,7.088888888888889,0,2.037733793258667e-07,1.0
high,5,0.0,static,23,7.037037037037037,7.037037037037037,0,1.878167192141215e-07,1.0
high,5,0.0,static,24,7.122685185185184,7.122685185185184,0,2.076849341392517e-07,1.0
high,5,0.0,static,25,7.095238095238095,7.095238095238095,0,2.2883926119123187e-07,1.0
high,5,0.0,static,26,7.080246913580247,7.080246913580247,0,1.9950999153984918e-07,1.0
high,5,0.0,static,27,7.0092592592592595,7.0092592592592595,0,2.0530488755967883e-07,1.0
high,5,0.0,static,28,7.071428571428571,7.071428571428571,0,1.987708466393607e-07,1.0
high,5,0.0,static,29,7.027777777777778,7.027777777777778,0,2.2103389104207358e-07,1.0
high,5,0.0,static,30,7.0,7.0,0,1.9259750843048097e-07,1.0
high,5,0.0,static,31,7.083333333333334,7.083333333333334,0,2.119690179824829e-07,1.0
high,5,0.0,static,32,7.126262626262626,7.126262626262626,0,2.1538951180197977e-07,1.0
high,5,0.0,static,33,7.046296296296296,7.046296296296296,0,2.086162567138672e-07,1.0
high,5,0.0,static,34,7.020833333333333,7.020833333333333,0,2.1792948246002197e-07,1.0
high,5,0.0,static,35,7.070987654320987,7.070987654320987,0,2.0571880870395236e-07,1.0
high,5,0.0,static,36,7.055555555555555,7.055555555555555,0,2.02407439549764e-07,1.0
high,5,0.0,static,37,7.068181818181818,7.068181818181818,0,2.0963224497708408e-07,1.0
high,5,0.0,static,38,7.061111111111112,7.061111111111112,0,1.728534698486328e-07,1.0
high,5,0.0,static,39,7.0,7.0,0,2.1766339029584613e-07,1.0
high,5,0.0,full_reopt,20,17.463619361438404,6.169395711500975,55,8.65285595258077e-05,0.0
high,5,0.0,full_reopt,21,31.25628775236682,7.453996101364522,103,8.708528346485562e-05,0.0
high,5,0.0,full_reopt,22,13.767250142485489,4.6,45,7.949322462081909e-05,0.0
high,5,0.0,full_reopt,23,27.484909253437475,7.768518518518519,115,8.896614114443462e-05,0.0
high,5,0.0,full_reopt,24,23.7318452157954,4.921174463937622,107,7.780517141024272e-05,0.0
high,5,0.0,full_reopt,25,19.936483046359534,6.722689075630252,38,8.761190942355565e-05,0.0
high,5,0.0,full_reopt,26,21.560445913828683,6.2254901960784315,61,8.72467127111223e-05,0.0
high,5,0.0,full_reopt,27,20.586239668676583,7.008333333333334,57,8.468205730120341e-05,0.0
high,5,0.0,full_reopt,28,23.991512614521106,6.869047619047619,115,8.689585540975844e-05,0.0
high,5,0.0,full_reopt,29,14.461281391005121,6.527777777777778,30,8.652297159036e-05,0.0
high,5,0.0,full_reopt,30,25.87289780295024,5.0,87,8.440800011157989e-05,0.0
high,5,0.0,full_reopt,31,30.345939934356863,9.014786967418548,92,8.951351046562194e-05,0.0
high,5,0.0,full_reopt,32,29.412588094036725,5.829044117647059,105,8.020042018456893e-05,0.0
high,5,0.0,full_reopt,33,25.68471110715884,4.791462418300654,88,7.813092735078599e-05,0.0
high,5,0.0,full_reopt,34,21.103090868704573,8.768796992481203,51,9.173620492219925e-05,0.0
high,5,0.0,full_reopt,35,21.202364714627866,7.136988304093568,61,9.079650044441223e-05,0.0
high,5,0.0,full_reopt,36,14.720877281516643,8.053654970760235,42,8.922525578074985e-05,0.0
high,5,0.0,full_reopt,37,27.59612659923458,6.376278262501173,110,8.399920030073686e-05,0.0
high,5,0.0,full_reopt,38,27.354970454995396,6.071929824561404,152,8.142764369646708e-05,0.0
high,5,0.0,full_reopt,39,29.116608098578666,5.142857142857143,75,8.183345198631287e-05,0.0
high,5,0.0,periodic,20,9.918133356314605,7.609649122807018,11,1.126320825682746e-05,0.8888888888888888
high,5,0.0,periodic,21,11.923543088416556,7.5701754385964914,18,1.1688305271996393e-05,0.8888888888888888
high,5,0.0,periodic,22,11.700310742474013,4.8,31,1.7181411385536195e-05,0.8
high,5,0.0,periodic,23,13.515147639383601,7.768518518518519,32,1.6148823002974193e-05,0.8333333333333334
high,5,0.0,periodic,24,12.751317174932659,6.340277777777778,31,1.4728866517543793e-05,0.8333333333333334
high,5,0.0,periodic,25,12.699265932728437,6.6232492997198875,16,1.7201261860983713e-05,0.8571428571428571
high,5,0.0,periodic,26,11.030925350035842,6.526870007262164,15,9.913411405351428e-06,0.8888888888888888
high,5,0.0,periodic,27,10.280168056151238,8.119444444444445,13,1.0862118668026395e-05,0.8888888888888888
high,5,0.0,periodic,28,11.385559661572314,6.654761904761904,25,1.2830431972231184e-05,0.8571428571428571
high,5,0.0,periodic,29,9.564144584817852,6.694444444444444,10,1.5142684181531271e-05,0.8333333333333334
high,5,0.0,periodic,30,13.4739452345034,5.3,31,1.6865134239196777e-05,0.8
high,5,0.0,periodic,31,17.29448061833159,8.814285714285715,32,1.959949731826782e-05,0.8
high,5,0.0,periodic,32,12.846564902231687,6.2477718360071295,30,1.6798688606782392e-05,0.8181818181818182
high,5,0.0,periodic,33,8.359515853571674,5.908564814814814,14,1.1156830522749158e-05,0.8888888888888888
high,5,0.0,periodic,34,9.614858389250001,8.020833333333332,9,1.2220814824104309e-05,0.875
high,5,0.0,periodic,35,10.396985219643145,7.626218323586745,14,1.0726766453848944e-05,0.8888888888888888
high,5,0.0,periodic,36,8.750689916176798,7.610136452241715,7,1.3084461291631063e-05,0.8888888888888888
high,5,0.0,periodic,37,11.538119635597592,5.467825311942959,28,1.7081472006711092e-05,0.8181818181818182
high,5,0.0,periodic,38,12.402000861637195,5.338888888888889,43,1.8265843391418456e-05,0.8
high,5,0.0,periodic,39,12.791241078632554,6.571428571428571,17,1.2802226202828543e-05,0.8571428571428571
high,5,0.0,event_triggered_no_stability,20,7.055555555555556,7.055555555555556,0,5.966259373558892e-05,1.0
high,5,0.0,event_triggered_no_stability,21,7.052469135802469,7.052469135802469,0,0.14649251475930214,1.0
high,5,0.0,event_triggered_no_stability,22,7.088888888888889,7.088888888888889,0,0.06301785223186016,1.0
high,5,0.0,event_triggered_no_stability,23,7.037037037037037,7.037037037037037,0,0.16661850021531185,1.0
high,5,0.0,event_triggered_no_stability,24,7.122685185185184,7.122685185185184,0,0.05729313660413027,1.0
high,5,0.0,event_triggered_no_stability,25,7.095238095238095,7.095238095238095,0,0.09343337267637253,1.0
high,5,0.0,event_triggered_no_stability,26,7.080246913580247,7.080246913580247,0,0.14863287078009713,1.0
high,5,0.0,event_triggered_no_stability,27,7.0092592592592595,7.0092592592592595,0,0.1477081129948298,1.0
high,5,0.0,event_triggered_no_stability,28,7.071428571428571,7.071428571428571,0,0.045171018955963,1.0
high,5,0.0,event_triggered_no_stability,29,7.027777777777778,7.027777777777778,0,6.357828776041667e-05,1.0
high,5,0.0,event_triggered_no_stability,30,7.0,7.0,0,0.06354618892073631,1.0
high,5,0.0,event_triggered_no_stability,31,7.083333333333334,7.083333333333334,0,0.20567553266882896,1.0
high,5,0.0,event_triggered_no_stability,32,7.126262626262626,7.126262626262626,0,0.11605301160704005,1.0
high,5,0.0,event_triggered_no_stability,33,7.046296296296296,7.046296296296296,0,0.14780032510558763,1.0
high,5,0.0,event_triggered_no_stability,34,7.020833333333333,7.020833333333333,0,6.53248280286789e-05,1.0
high,5,0.0,event_triggered_no_stability,35,7.070987654320987,7.070987654320987,0,0.07192726474669245,1.0
high,5,0.0,event_triggered_no_stability,36,7.055555555555555,7.055555555555555,0,6.0076514879862465e-05,1.0
high,5,0.0,event_triggered_no_stability,37,7.068181818181818,7.068181818181818,0,0.12110374834049832,1.0
high,5,0.0,event_triggered_no_stability,38,7.061111111111112,7.061111111111112,0,0.04609793548782667,1.0
high,5,0.0,event_triggered_no_stability,39,7.0,7.0,0,0.0914311126938888,1.0
high,5,0.0,mpc,20,1000022.8366288184,1000010.2312399356,70,9.088383780585395e-05,0.0
high,5,0.0,mpc,21,1000033.682387223,1000011.4773148147,113,8.913502097129822e-05,0.0
high,5,0.0,mpc,22,1000017.6733283891,1000008.6238095239,50,8.68476927280426e-05,0.0
high,5,0.0,mpc,23,1000030.3218722088,1000011.7916666666,130,8.946005254983902e-05,0.0
high,5,0.0,mpc,24,1000026.8941997272,1000008.9611010468,124,8.205696940422058e-05,0.0
high,5,0.0,mpc,25,1000026.5882127703,1000010.7532467532,55,8.748578173773629e-05,0.0
high,5,0.0,mpc,26,1000022.2199172806,1000010.25,59,9.31595762570699e-05,0.0
high,5,0.0,mpc,27,1000023.0351331444,1000011.0177777777,59,8.78820816675822e-05,0.0
high,5,0.0,mpc,28,1000026.6920049322,1000010.8986078621,125,9.121985307761602e-05,0.0
high,5,0.0,mpc,29,1000022.7740471581,1000010.5579710145,47,8.890591561794281e-05,0.0
high,5,0.0,mpc,30,1000025.3763411574,1000009.0,85,8.19426029920578e-05,0.0
high,5,0.0,mpc,31,1000030.5344079884,1000013.0415064103,94,9.274519979953765e-05,0.0
high,5,0.0,mpc,32,1000028.1522345372,1000009.8683589138,103,9.055774320255627e-05,0.0
high,5,0.0,mpc,33,1000027.4187667537,1000008.8140933141,93,8.53331552611457e-05,0.0
high,5,0.0,mpc,34,1000026.1249277607,1000012.7900641025,61,9.807758033275604e-05,0.0
high,5,0.0,mpc,35,1000026.1502082066,1000011.1785521884,78,9.080850415759617e-05,0.0
high,5,0.0,mpc,36,1000020.8857566222,1000012.1127858295,56,9.863740868038601e-05,0.0
high,5,0.0,mpc,37,1000030.2914373844,1000010.4032069709,125,9.200620380314913e-05,0.0
high,5,0.0,mpc,38,1000029.0786037652,1000010.0922705313,163,8.476227521896363e-05,0.0
high,5,0.0,mpc,39,1000027.8349900858,1000009.1428571428,74,8.95692833832332e-05,0.0
high,5,0.0,sarcrp,20,7.055555555555556,7.055555555555556,0,6.363044182459514e-05,1.0
high,5,0.0,sarcrp,21,7.052469135802469,7.052469135802469,0,0.14608798548579216,1.0
high,5,0.0,sarcrp,22,7.088888888888889,7.088888888888889,0,0.06331512182950974,1.0
high,5,0.0,sarcrp,23,7.037037037037037,7.037037037037037,0,0.1661444945881764,1.0
high,5,0.0,sarcrp,24,7.122685185185184,7.122685185185184,0,0.057453777020176254,1.0
high,5,0.0,sarcrp,25,7.095238095238095,7.095238095238095,0,0.0931893102824688,1.0
high,5,0.0,sarcrp,26,7.080246913580247,7.080246913580247,0,0.14901697097553146,1.0
high,5,0.0,sarcrp,27,7.0092592592592595,7.0092592592592595,0,0.1406597528192732,1.0
high,5,0.0,sarcrp,28,7.071428571428571,7.071428571428571,0,0.04878142662346363,1.0
high,5,0.0,sarcrp,29,7.027777777777778,7.027777777777778,0,6.317595640818278e-05,1.0
high,5,0.0,sarcrp,30,7.0,7.0,0,0.06341532506048679,1.0
high,5,0.0,sarcrp,31,7.083333333333334,7.083333333333334,0,0.20066075026988983,1.0
high,5,0.0,sarcrp,32,7.126262626262626,7.126262626262626,0,0.12142915820533579,1.0
high,5,0.0,sarcrp,33,7.046296296296296,7.046296296296296,0,0.14917404991057184,1.0
high,5,0.0,sarcrp,34,7.020833333333333,7.020833333333333,0,6.712926551699638e-05,1.0
high,5,0.0,sarcrp,35,7.070987654320987,7.070987654320987,0,0.07291539303130573,1.0
high,5,0.0,sarcrp,36,7.055555555555555,7.055555555555555,0,6.462675001886155e-05,1.0
high,5,0.0,sarcrp,37,7.068181818181818,7.068181818181818,0,0.12089049816131592,1.0
high,5,0.0,sarcrp,38,7.061111111111112,7.061111111111112,0,0.042461750408013664,1.0
high,5,0.0,sarcrp,39,7.0,7.0,0,0.09913217435990061,1.0
high,5,0.5,static,20,7.055555555555556,7.055555555555556,0,2.400742636786567e-07,1.0
high,5,0.5,static,21,7.052469135802469,7.052469135802469,0,1.9950999153984918e-07,1.0
high,5,0.5,static,22,7.088888888888889,7.088888888888889,0,2.0042061805725097e-07,1.0
high,5,0.5,static,23,7.037037037037037,7.037037037037037,0,1.8843760093053183e-07,1.0
high,5,0.5,static,24,7.122685185185184,7.122685185185184,0,1.8067657947540283e-07,1.0
high,5,0.5,static,25,7.095238095238095,7.095238095238095,0,2.1925994328090122e-07,1.0
high,5,0.5,static,26,7.080246913580247,7.080246913580247,0,1.9909607039557562e-07,1.0
high,5,0.5,static,27,7.0092592592592595,7.0092592592592595,0,2.1275546815660266e-07,1.0
high,5,0.5,static,28,7.071428571428571,7.071428571428571,0,1.7961221081869943e-07,1.0
high,5,0.5,static,29,7.027777777777778,7.027777777777778,0,1.961986223856608e-07,1.0
high,5,0.5,static,30,7.0,7.0,0,1.9595026969909668e-07,1.0
high,5,0.5,static,31,7.083333333333334,7.083333333333334,0,1.8924474716186522e-07,1.0
high,5,0.5,static,32,7.126262626262626,7.126262626262626,0,1.825392246246338e-07,1.0
high,5,0.5,static,33,7.046296296296296,7.046296296296296,0,1.8998980522155762e-07,1.0
high,5,0.5,static,34,7.020833333333333,7.020833333333333,0,1.83936208486557e-07,1.0
high,5,0.5,static,35,7.070987654320987,7.070987654320987,0,1.9661254352993436e-07,1.0
high,5,0.5,static,36,7.055555555555555,7.055555555555555,0,2.032352818383111e-07,1.0
high,5,0.5,static,37,7.068181818181818,7.068181818181818,0,1.971017230640758e-07,1.0
high,5,0.5,static,38,7.061111111111112,7.061111111111112,0,1.7210841178894044e-07,1.0
high,5,0.5,static,39,7.0,7.0,0,2.10744994027274e-07,1.0
high,5,0.5,full_reopt,20,17.463619361438404,6.169395711500975,55,8.189967936939663e-05,0.0
high,5,0.5,full_reopt,21,31.25628775236682,7.453996101364522,103,8.939951658248901e-05,0.0
high,5,0.5,full_reopt,22,13.767250142485489,4.6,45,7.707402110099793e-05,0.0
high,5,0.5,full_reopt,23,27.484909253437475,7.768518518518519,115,8.545940121014912e-05,0.0
high,5,0.5,full_reopt,24,23.7318452157954,4.921174463937622,107,7.836396495501201e-05,0.0
high,5,0.5,full_reopt,25,19.936483046359534,6.722689075630252,38,8.32346933228629e-05,0.0
high,5,0.5,full_reopt,26,21.560445913828683,6.2254901960784315,61,8.139842086368137e-05,0.0
high,5,0.5,full_reopt,27,20.586239668676583,7.008333333333334,57,8.346181776788499e-05,0.0
high,5,0.5,full_reopt,28,23.991512614521106,6.869047619047619,115,8.656137755938939e-05,0.0
high,5,0.5,full_reopt,29,14.461281391005121,6.527777777777778,30,8.356943726539612e-05,0.0
high,5,0.5,full_reopt,30,25.87289780295024,5.0,87,7.72908329963684e-05,0.0
high,5,0.5,full_reopt,31,30.345939934356863,9.014786967418548,92,9.620152413845063e-05,0.0
high,5,0.5,full_reopt,32,29.412588094036725,5.829044117647059,105,8.387795903465964e-05,0.0
high,5,0.5,full_reopt,33,25.68471110715884,4.791462418300654,88,7.77443250020345e-05,0.0
high,5,0.5,full_reopt,34,21.103090868704573,8.768796992481203,51,9.383028373122215e-05,0.0
high,5,0.5,full_reopt,35,21.202364714627866,7.136988304093568,61,9.178701374265883e-05,0.0
high,5,0.5,full_reopt,36,14.720877281516643,8.053654970760235,42,9.324443009164598e-05,0.0
high,5,0.5,full_reopt,37,27.59612659923458,6.376278262501173,110,8.245354348962957e-05,0.0
high,5,0.5,full_reopt,38,27.354970454995396,6.071929824561404,152,8.535285790761312e-05,0.0
high,5,0.5,full_reopt,39,29.116608098578666,5.142857142857143,75,8.118578365870885e-05,0.0
high,5,0.5,periodic,20,9.918133356314605,7.609649122807018,11,1.0599692662556967e-05,0.8888888888888888
high,5,0.5,periodic,21,11.923543088416556,7.5701754385964914,18,1.0653088490168253e-05,0.8888888888888888
high,5,0.5,periodic,22,11.700310742474013,4.8,31,1.7549842596054077e-05,0.8
high,5,0.5,periodic,23,13.515147639383601,7.768518518518519,32,1.5611449877421062e-05,0.8333333333333334
high,5,0.5,periodic,24,12.751317174932659,6.340277777777778,31,1.6340985894203186e-05,0.8333333333333334
high,5,0.5,periodic,25,12.699265932728437,6.6232492997198875,16,1.3838921274457658e-05,0.8571428571428571
high,5,0.5,periodic,26,11.030925350035842,6.526870007262164,15,1.0778506596883139e-05,0.8888888888888888
high,5,0.5,periodic,27,10.280168056151238,8.119444444444445,13,1.1403113603591919e-05,0.8888888888888888
high,5,0.5,periodic,28,11.385559661572314,6.654761904761904,25,1.3216797794614519e-05,0.8571428571428571
high,5,0.5,periodic,29,9.564144584817852,6.694444444444444,10,1.5560537576675415e-05,0.8333333333333334
high,5,0.5,periodic,30,13.4739452345034,5.3,31,1.745857298374176e-05,0.8
high,5,0.5,periodic,31,17.29448061833159,8.814285714285715,32,1.958012580871582e-05,0.8
high,5,0.5,periodic,32,12.846564902231687,6.2477718360071295,30,1.5330585566433992e-05,0.8181818181818182
high,5,0.5,periodic,33,8.359515853571674,5.908564814814814,14,9.599659177992078e-06,0.8888888888888888
high,5,0.5,periodic,34,9.614858389250001,8.020833333333332,9,1.2063886970281601e-05,0.875
high,5,0.5,periodic,35,10.396985219643145,7.626218323586745,14,1.0578996605343289e-05,0.8888888888888888
high,5,0.5,periodic,36,8.750689916176798,7.610136452241715,7,1.0381142298380533e-05,0.8888888888888888
high,5,0.5,periodic,37,11.538119635597592,5.467825311942959,28,1.5306540510871194e-05,0.8181818181818182
high,5,0.5,periodic,38,12.402000861637195,5.338888888888889,43,1.711025834083557e-05,0.8
high,5,0.5,periodic,39,12.791241078632554,6.571428571428571,17,1.2662261724472046e-05,0.8571428571428571
high,5,0.5,event_triggered_no_stability,20,7.055555555555556,7.055555555555556,0,6.217012802759807e-05,1.0
high,5,0.5,event_triggered_no_stability,21,7.052469135802469,7.052469135802469,0,0.14074955508112907,1.0
high,5,0.5,event_triggered_no_stability,22,7.088888888888889,7.088888888888889,0,0.06885842569172382,1.0
high,5,0.5,event_triggered_no_stability,23,7.037037037037037,7.037037037037037,0,0.16594998662670454,1.0
high,5,0.5,event_triggered_no_stability,24,7.122685185185184,7.122685185185184,0,0.05247141141444445,1.0
high,5,0.5,event_triggered_no_stability,25,7.095238095238095,7.095238095238095,0,0.10173189107860837,1.0
high,5,0.5,event_triggered_no_stability,26,7.080246913580247,7.080246913580247,0,0.14537823158833715,1.0
high,5,0.5,event_triggered_no_stability,27,7.0092592592592595,7.0092592592592595,0,0.14821736680136788,1.0
high,5,0.5,event_triggered_no_stability,28,7.071428571428571,7.071428571428571,0,0.0447465255856514,1.0
high,5,0.5,event_triggered_no_stability,29,7.027777777777778,7.027777777777778,0,6.089980403582255e-05,1.0
high,5,0.5,event_triggered_no_stability,30,7.0,7.0,0,0.06932183243334293,1.0
high,5,0.5,event_triggered_no_stability,31,7.083333333333334,7.083333333333334,0,0.20125286616384983,1.0
high,5,0.5,event_triggered_no_stability,32,7.126262626262626,7.126262626262626,0,0.12231009250337427,1.0
high,5,0.5,event_triggered_no_stability,33,7.046296296296296,7.046296296296296,0,0.14726769965555933,1.0
high,5,0.5,event_triggered_no_stability,34,7.020833333333333,7.020833333333333,0,6.211502477526665e-05,1.0
high,5,0.5,event_triggered_no_stability,35,7.070987654320987,7.070987654320987,0,0.0718783587217331,1.0
high,5,0.5,event_triggered_no_stability,36,7.055555555555555,7.055555555555555,0,6.397316853205363e-05,1.0
high,5,0.5,event_triggered_no_stability,37,7.068181818181818,7.068181818181818,0,0.12088742649013345,1.0
high,5,0.5,event_triggered_no_stability,38,7.061111111111112,7.061111111111112,0,0.042829305430253345,1.0
high,5,0.5,event_triggered_no_stability,39,7.0,7.0,0,0.10140914097428322,1.0
high,5,0.5,mpc,20,1000022.8366288184,1000010.2312399356,70,8.902284834120009e-05,0.0
high,5,0.5,mpc,21,1000033.682387223,1000011.4773148147,113,8.780964546733432e-05,0.0
high,5,0.5,mpc,22,1000017.6733283891,1000008.6238095239,50,7.941201329231262e-05,0.0
high,5,0.5,mpc,23,1000030.3218722088,1000011.7916666666,130,8.751979718605678e-05,0.0
high,5,0.5,mpc,24,1000026.8941997272,1000008.9611010468,124,8.42483714222908e-05,0.0
high,5,0.5,mpc,25,1000026.5882127703,1000010.7532467532,55,8.935853838920593e-05,0.0
high,5,0.5,mpc,26,1000022.2199172806,1000010.25,59,8.41423041290707e-05,0.0
high,5,0.5,mpc,27,1000023.0351331444,1000011.0177777777,59,9.14918879667918e-05,0.0
high,5,0.5,mpc,28,1000026.6920049322,1000010.8986078621,125,8.746502654893058e-05,0.0
high,5,0.5,mpc,29,1000022.7740471581,1000010.5579710145,47,8.558544019858043e-05,0.0
high,5,0.5,mpc,30,1000025.3763411574,1000009.0,85,8.454769849777221e-05,0.0
high,5,0.5,mpc,31,1000030.5344079884,1000013.0415064103,94,9.30197536945343e-05,0.0
high,5,0.5,mpc,32,1000028.1522345372,1000009.8683589138,103,8.195706389167093e-05,0.0
high,5,0.5,mpc,33,1000027.4187667537,1000008.8140933141,93,8.00523493025038e-05,0.0
high,5,0.5,mpc,34,1000026.1249277607,1000012.7900641025,61,9.357184171676636e-05,0.0
high,5,0.5,mpc,35,1000026.1502082066,1000011.1785521884,78,9.38731763097975e-05,0.0
high,5,0.5,mpc,36,1000020.8857566222,1000012.1127858295,56,9.77176758978102e-05,0.0
high,5,0.5,mpc,37,1000030.2914373844,1000010.4032069709,125,8.914179422638632e-05,0.0
high,5,0.5,mpc,38,1000029.0786037652,1000010.0922705313,163,9.052654107411702e-05,0.0
high,5,0.5,mpc,39,1000027.8349900858,1000009.1428571428,74,8.126774004527501e-05,0.0
high,5,0.5,sarcrp,20,7.055555555555556,7.055555555555556,0,5.964769257439507e-05,1.0
high,5,0.5,sarcrp,21,7.052469135802469,7.052469135802469,0,0.1400372220410241,1.0
high,5,0.5,sarcrp,22,7.088888888888889,7.088888888888889,0,0.06852613873779774,1.0
high,5,0.5,sarcrp,23,7.037037037037037,7.037037037037037,0,0.1656230359027783,1.0
high,5,0.5,sarcrp,24,7.122685185185184,7.122685185185184,0,0.05270006197194258,1.0
high,5,0.5,sarcrp,25,7.095238095238095,7.095238095238095,0,0.09306272864341736,1.0
high,5,0.5,sarcrp,26,7.080246913580247,7.080246913580247,0,0.1494135521352291,1.0
high,5,0.5,sarcrp,27,7.0092592592592595,7.0092592592592595,0,0.14741877714792886,1.0
high,5,0.5,sarcrp,28,7.071428571428571,7.071428571428571,0,0.0451347782675709,1.0
high,5,0.5,sarcrp,29,7.027777777777778,7.027777777777778,0,6.325170397758484e-05,1.0
high,5,0.5,sarcrp,30,7.0,7.0,0,0.07049450352787971,1.0
high,5,0.5,sarcrp,31,7.083333333333334,7.083333333333334,0,0.20633974410593509,1.0
high,5,0.5,sarcrp,32,7.126262626262626,7.126262626262626,0,0.12286213582212274,1.0
high,5,0.5,sarcrp,33,7.046296296296296,7.046296296296296,0,0.14356668831573594,1.0
high,5,0.5,sarcrp,34,7.020833333333333,7.020833333333333,0,6.151199340820312e-05,1.0
high,5,0.5,sarcrp,35,7.070987654320987,7.070987654320987,0,0.07874684615267648,1.0
high,5,0.5,sarcrp,36,7.055555555555555,7.055555555555555,0,5.9266885121663414e-05,1.0
high,5,0.5,sarcrp,37,7.068181818181818,7.068181818181818,0,0.12133846669034525,1.0
high,5,0.5,sarcrp,38,7.061111111111112,7.061111111111112,0,0.042262165993452075,1.0
high,5,0.5,sarcrp,39,7.0,7.0,0,0.0913970720555101,1.0
high,5,1.0,static,20,7.055555555555556,7.055555555555556,0,2.3427936765882703e-07,1.0
high,5,1.0,static,21,7.052469135802469,7.052469135802469,0,2.02407439549764e-07,1.0
high,5,1.0,static,22,7.088888888888889,7.088888888888889,0,1.8924474716186522e-07,1.0
high,5,1.0,static,23,7.037037037037037,7.037037037037037,0,1.878167192141215e-07,1.0
high,5,1.0,static,24,7.122685185185184,7.122685185185184,0,1.7415732145309448e-07,1.0
high,5,1.0,static,25,7.095238095238095,7.095238095238095,0,2.1872775895254953e-07,1.0
high,5,1.0,static,26,7.080246913580247,7.080246913580247,0,2.077884144253201e-07,1.0
high,5,1.0,static,27,7.0092592592592595,7.0092592592592595,0,1.9661254352993436e-07,1.0
high,5,1.0,static,28,7.071428571428571,7.071428571428571,0,1.7615301268441336e-07,1.0
high,5,1.0,static,29,7.027777777777778,7.027777777777778,0,2.1606683731079102e-07,1.0
high,5,1.0,static,30,7.0,7.0,0,1.9334256649017333e-07,1.0
high,5,1.0,static,31,7.083333333333334,7.083333333333334,0,1.996755599975586e-07,1.0
high,5,1.0,static,32,7.126262626262626,7.126262626262626,0,1.862645149230957e-07,1.0
high,5,1.0,static,33,7.046296296296296,7.046296296296296,0,2.2310349676344129e-07,1.0
high,5,1.0,static,34,7.020833333333333,7.020833333333333,0,2.0442530512809753e-07,1.0
high,5,1.0,static,35,7.070987654320987,7.070987654320987,0,2.0903017785814075e-07,1.0
high,5,1.0,static,36,7.055555555555555,7.055555555555555,0,1.941290166642931e-07,1.0
high,5,1.0,static,37,7.068181818181818,7.068181818181818,0,1.967630603096702e-07,1.0
high,5,1.0,static,38,7.061111111111112,7.061111111111112,0,1.7831722895304362e-07,1.0
high,5,1.0,static,39,7.0,7.0,0,1.9424727984837124e-07,1.0
high,5,1.0,full_reopt,20,17.463619361438404,6.169395711500975,55,8.483272459771897e-05,0.0
high,5,1.0,full_reopt,21,31.25628775236682,7.453996101364522,103,8.522884713278877e-05,0.0
high,5,1.0,full_reopt,22,13.767250142485489,4.6,45,7.751248776912689e-05,0.0
high,5,1.0,full_reopt,23,27.484909253437475,7.768518518518519,115,8.896210541327794e-05,0.0
high,5,1.0,full_reopt,24,23.7318452157954,4.921174463937622,107,7.732957601547241e-05,0.0
high,5,1.0,full_reopt,25,19.936483046359534,6.722689075630252,38,8.683704904147557e-05,0.0
high,5,1.0,full_reopt,26,21.560445913828683,6.2254901960784315,61,9.002495143148635e-05,0.0
high,5,1.0,full_reopt,27,20.586239668676583,7.008333333333334,57,8.728024032380845e-05,0.0
high,5,1.0,full_reopt,28,23.991512614521106,6.869047619047619,115,8.673220872879028e-05,0.0
high,5,1.0,full_reopt,29,14.461281391005121,6.527777777777778,30,8.376936117808025e-05,0.0
high,5,1.0,full_reopt,30,25.87289780295024,5.0,87,7.777847349643707e-05,0.0
high,5,1.0,full_reopt,31,30.345939934356863,9.014786967418548,92,8.93518328666687e-05,0.0
high,5,1.0,full_reopt,32,29.412588094036725,5.829044117647059,105,7.9988417300311e-05,0.0
high,5,1.0,full_reopt,33,25.68471110715884,4.791462418300654,88,7.713917228910659e-05,0.0
high,5,1.0,full_reopt,34,21.103090868704573,8.768796992481203,51,9.177392348647118e-05,0.0
high,5,1.0,full_reopt,35,21.202364714627866,7.136988304093568,61,8.409097790718079e-05,0.0
high,5,1.0,full_reopt,36,14.720877281516643,8.053654970760235,42,9.173775712649028e-05,0.0
high,5,1.0,full_reopt,37,27.59612659923458,6.376278262501173,110,9.050050919706172e-05,0.0
high,5,1.0,full_reopt,38,27.354970454995396,6.071929824561404,152,8.180787165959677e-05,0.0
high,5,1.0,full_reopt,39,29.116608098578666,5.142857142857143,75,7.851368614605494e-05,0.0
high,5,1.0,periodic,20,9.918133356314605,7.609649122807018,11,1.1296735869513617e-05,0.8888888888888888
high,5,1.0,periodic,21,11.923543088416556,7.5701754385964914,18,1.0577340920766195e-05,0.8888888888888888
high,5,1.0,periodic,22,11.700310742474013,4.8,31,1.7108023166656493e-05,0.8
high,5,1.0,periodic,23,13.515147639383601,7.768518518518519,32,1.6017816960811615e-05,0.8333333333333334
high,5,1.0,periodic,24,12.751317174932659,6.340277777777778,31,1.432312031586965e-05,0.8333333333333334
high,5,1.0,periodic,25,12.699265932728437,6.6232492997198875,16,1.275432961327689e-05,0.8571428571428571
high,5,1.0,periodic,26,11.030925350035842,6.526870007262164,15,9.90803043047587e-06,0.8888888888888888
high,5,1.0,periodic,27,10.280168056151238,8.119444444444445,13,1.0917584101359049e-05,0.8888888888888888
high,5,1.0,periodic,28,11.385559661572314,6.654761904761904,25,1.3489010078566415e-05,0.8571428571428571
high,5,1.0,periodic,29,9.564144584817852,6.694444444444444,10,1.484900712966919e-05,0.8333333333333334
high,5,1.0,periodic,30,13.4739452345034,5.3,31,1.6435980796813965e-05,0.8
high,5,1.0,periodic,31,17.29448061833159,8.814285714285715,32,1.92936509847641e-05,0.8
high,5,1.0,periodic,32,12.846564902231687,6.2477718360071295,30,1.562759280204773e-05,0.8181818181818182
high,5,1.0,periodic,33,8.359515853571674,5.908564814814814,14,9.696930646896362e-06,0.8888888888888888
high,5,1.0,periodic,34,9.614858389250001,8.020833333333332,9,1.207645982503891e-05,0.875
high,5,1.0,periodic,35,10.396985219643145,7.626218323586745,14,1.0513183143403796e-05,0.8888888888888888
high,5,1.0,periodic,36,8.750689916176798,7.610136452241715,7,1.038776503668891e-05,0.8888888888888888
high,5,1.0,periodic,37,11.538119635597592,5.467825311942959,28,1.5366145155646585e-05,0.8181818181818182
high,5,1.0,periodic,38,12.402000861637195,5.338888888888889,43,1.8186370531717937e-05,0.8
high,5,1.0,periodic,39,12.791241078632554,6.571428571428571,17,1.3975692646844046e-05,0.8571428571428571
high,5,1.0,event_triggered_no_stability,20,7.055555555555556,7.055555555555556,0,6.541899508900112e-05,1.0
high,5,1.0,event_triggered_no_stability,21,7.052469135802469,7.052469135802469,0,0.1472843765384621,1.0
high,5,1.0,event_triggered_no_stability,22,7.088888888888889,7.088888888888889,0,0.06348780617117881,1.0
high,5,1.0,event_triggered_no_stability,23,7.037037037037037,7.037037037037037,0,0.16663129503528276,1.0
high,5,1.0,event_triggered_no_stability,24,7.122685185185184,7.122685185185184,0,0.05750976099322239,1.0
high,5,1.0,event_triggered_no_stability,25,7.095238095238095,7.095238095238095,0,0.09349407415304865,1.0
high,5,1.0,event_triggered_no_stability,26,7.080246913580247,7.080246913580247,0,0.15000659227371216,1.0
high,5,1.0,event_triggered_no_stability,27,7.0092592592592595,7.0092592592592595,0,0.14843452763226297,1.0
high,5,1.0,event_triggered_no_stability,28,7.071428571428571,7.071428571428571,0,0.044900133939726014,1.0
high,5,1.0,event_triggered_no_stability,29,7.027777777777778,7.027777777777778,0,6.319954991340637e-05,1.0
high,5,1.0,event_triggered_no_stability,30,7.0,7.0,0,0.06411763541400432,1.0
high,5,1.0,event_triggered_no_stability,31,7.083333333333334,7.083333333333334,0,0.20719531178474426,1.0
high,5,1.0,event_triggered_no_stability,32,7.126262626262626,7.126262626262626,0,0.11677743155847896,1.0
high,5,1.0,event_triggered_no_stability,33,7.046296296296296,7.046296296296296,0,0.1479465655154652,1.0
high,5,1.0,event_triggered_no_stability,34,7.020833333333333,7.020833333333333,0,6.324797868728638e-05,1.0
high,5,1.0,event_triggered_no_stability,35,7.070987654320987,7.070987654320987,0,0.0780038150648276,1.0
high,5,1.0,event_triggered_no_stability,36,7.055555555555555,7.055555555555555,0,6.385188963678147e-05,1.0
high,5,1.0,event_triggered_no_stability,37,7.068181818181818,7.068181818181818,0,0.11587454378604889,1.0
high,5,1.0,event_triggered_no_stability,38,7.061111111111112,7.061111111111112,0,0.04621190453569094,1.0
high,5,1.0,event_triggered_no_stability,39,7.0,7.0,0,0.09169845070157732,1.0
high,5,1.0,mpc,20,1000022.8366288184,1000010.2312399356,70,8.824384874767727e-05,0.0
high,5,1.0,mpc,21,1000033.682387223,1000011.4773148147,113,9.184413486056858e-05,0.0
high,5,1.0,mpc,22,1000017.6733283891,1000008.6238095239,50,8.176378905773163e-05,0.0
high,5,1.0,mpc,23,1000030.3218722088,1000011.7916666666,130,9.501383950312932e-05,0.0
high,5,1.0,mpc,24,1000026.8941997272,1000008.9611010468,124,8.72444361448288e-05,0.0
high,5,1.0,mpc,25,1000026.5882127703,1000010.7532467532,55,9.42258962563106e-05,0.0
high,5,1.0,mpc,26,1000022.2199172806,1000010.25,59,9.286486440234714e-05,0.0
high,5,1.0,mpc,27,1000023.0351331444,1000011.0177777777,59,9.366414613193936e-05,0.0
high,5,1.0,mpc,28,1000026.6920049322,1000010.8986078621,125,9.433526013578688e-05,0.0
high,5,1.0,mpc,29,1000022.7740471581,1000010.5579710145,47,9.334397812684377e-05,0.0
high,5,1.0,mpc,30,1000025.3763411574,1000009.0,85,8.600689470767975e-05,0.0
high,5,1.0,mpc,31,1000030.5344079884,1000013.0415064103,94,9.814910590648651e-05,0.0
high,5,1.0,mpc,32,1000028.1522345372,1000009.8683589138,103,9.044530716809359e-05,0.0
high,5,1.0,mpc,33,1000027.4187667537,1000008.8140933141,93,8.787918421957229e-05,0.0
high,5,1.0,mpc,34,1000026.1249277607,1000012.7900641025,61,9.672436863183975e-05,0.0
high,5,1.0,mpc,35,1000026.1502082066,1000011.1785521884,78,8.664611313078139e-05,0.0
high,5,1.0,mpc,36,1000020.8857566222,1000012.1127858295,56,8.996700247128804e-05,0.0
high,5,1.0,mpc,37,1000030.2914373844,1000010.4032069709,125,8.523633534258062e-05,0.0
high,5,1.0,mpc,38,1000029.0786037652,1000010.0922705313,163,8.729249238967896e-05,0.0
high,5,1.0,mpc,39,1000027.8349900858,1000009.1428571428,74,8.660235575267247e-05,0.0
high,5,1.0,sarcrp,20,7.055555555555556,7.055555555555556,0,5.9079378843307495e-05,1.0
high,5,1.0,sarcrp,21,7.052469135802469,7.052469135802469,0,0.1495440871351295,1.0
high,5,1.0,sarcrp,22,7.088888888888889,7.088888888888889,0,0.06500405631959438,1.0
high,5,1.0,sarcrp,23,7.037037037037037,7.037037037037037,0,0.16854173596948385,1.0
high,5,1.0,sarcrp,24,7.122685185185184,7.122685185185184,0,0.05753032055993875,1.0
high,5,1.0,sarcrp,25,7.095238095238095,7.095238095238095,0,0.09351674999509539,1.0
high,5,1.0,sarcrp,26,7.080246913580247,7.080246913580247,0,0.1497814849846893,1.0
high,5,1.0,sarcrp,27,7.0092592592592595,7.0092592592592595,0,0.1471723574731085,1.0
high,5,1.0,sarcrp,28,7.071428571428571,7.071428571428571,0,0.0450062948678221,1.0
high,5,1.0,sarcrp,29,7.027777777777778,7.027777777777778,0,6.338581442832947e-05,1.0
high,5,1.0,sarcrp,30,7.0,7.0,0,0.06400796435773373,1.0
high,5,1.0,sarcrp,31,7.083333333333334,7.083333333333334,0,0.20191622003912926,1.0
high,5,1.0,sarcrp,32,7.126262626262626,7.126262626262626,0,0.12285543537952683,1.0
high,5,1.0,sarcrp,33,7.046296296296296,7.046296296296296,0,0.14774605756004652,1.0
high,5,1.0,sarcrp,34,7.020833333333333,7.020833333333333,0,6.51269219815731e-05,1.0
high,5,1.0,sarcrp,35,7.070987654320987,7.070987654320987,0,0.07188544215427504,1.0
high,5,1.0,sarcrp,36,7.055555555555555,7.055555555555555,0,6.549681226412456e-05,1.0
high,5,1.0,sarcrp,37,7.068181818181818,7.068181818181818,0,0.12074029208584265,1.0
high,5,1.0,sarcrp,38,7.061111111111112,7.061111111111112,0,0.042232540001471836,1.0
high,5,1.0,sarcrp,39,7.0,7.0,0,0.09890977240034513,1.0
